Profession,FunctionalProgram,Participant,Transformation,Type,Q1,type,mean,sd,,mean,sd
DJ,1-4,13,1061,(for) to Filter -> Lambda,4,(for) to Filter -> Lambda,"4,2222222222","0,8333333333",,"3,8222222222","1,012037413"
DP,1,7,1061,(for) to Filter -> Lambda,3,(for) to Filter/ForEach -> Lambda,"3,8","1,0141851057",,,
DJ,1,19,1061,(for) to Filter -> Lambda,5,(for) to ForEach -> Lambda,"3,4545454545","1,0633352332",,,
DJ,1-4,21,1061,(for) to Filter -> Lambda,4,(for) to Map/Collect  -> Lambda,"4,5","0,5477225575",,,
DP,1-4,33,1061,(for) to Filter -> Lambda,5,Anonymous inner classes -> Lambda,4,"0,9607689228",,,
ET,1,23,1061,(for) to Filter -> Lambda,5,,,,,,
ET,1,43,1061,(for) to Filter -> Lambda,3,,,,,,
AD,1-4,27,1061,(for) to Filter -> Lambda,4,,,,,,
ET,1,15,1061,(for) to Filter -> Lambda,5,,,,,,
DP,1-4,33,1192,(for) to Filter/ForEach -> Lambda,5,,,,,,
ET,1,15,1192,(for) to Filter/ForEach -> Lambda,3,,,,,,
ET,1,43,1192,(for) to Filter/ForEach -> Lambda,3,,,,,,
DJ,1,19,1192,(for) to Filter/ForEach -> Lambda,5,,,,,,
DJ,1-4,13,1192,(for) to Filter/ForEach -> Lambda,3,,,,,,
DP,1,12,1183,(for) to Filter/ForEach -> Lambda,5,,,,,,
DP,5+,10,1183,(for) to Filter/ForEach -> Lambda,4,,,,,,
ET,1,30,1183,(for) to Filter/ForEach -> Lambda,3,,,,,,
AD,1-4,27,1192,(for) to Filter/ForEach -> Lambda,3,,,,,,
DP,1,7,1192,(for) to Filter/ForEach -> Lambda,2,,,,,,
AD,1-4,14,1183,(for) to Filter/ForEach -> Lambda,4,,,,,,
DJ,1-4,21,1192,(for) to Filter/ForEach -> Lambda,5,,,,,,
ET,1,20,1183,(for) to Filter/ForEach -> Lambda,4,,,,,,
AD,1-4,32,1183,(for) to Filter/ForEach -> Lambda,3,,,,,,
ET,1,23,1192,(for) to Filter/ForEach -> Lambda,5,,,,,,
DJ,1-4,21,1188,(for) to ForEach -> Lambda,5,,,,,,
ET,1,20,1026,(for) to ForEach -> Lambda,3,,,,,,
AD,1-4,27,1060,(for) to ForEach -> Lambda,3,,,,,,
AD,1-4,32,1026,(for) to ForEach -> Lambda,4,,,,,,
DJ,1-4,21,1060,(for) to ForEach -> Lambda,4,,,,,,
DP,1-4,33,1060,(for) to ForEach -> Lambda,2,,,,,,
DP,1,7,1188,(for) to ForEach -> Lambda,3,,,,,,
ET,1,15,1188,(for) to ForEach -> Lambda,5,,,,,,
AD,1-4,27,1188,(for) to ForEach -> Lambda,3,,,,,,
ET,1,15,1060,(for) to ForEach -> Lambda,4,,,,,,
ET,1,23,1060,(for) to ForEach -> Lambda,3,,,,,,
ET,1,43,1060,(for) to ForEach -> Lambda,3,,,,,,
DP,5+,10,1026,(for) to ForEach -> Lambda,4,,,,,,
DJ,1,19,1185,(for) to ForEach -> Lambda,5,,,,,,
DJ,1-4,21,1185,(for) to ForEach -> Lambda,4,,,,,,
ET,1,43,1185,(for) to ForEach -> Lambda,4,,,,,,
DP,1,7,1185,(for) to ForEach -> Lambda,1,,,,,,
DJ,1,19,1188,(for) to ForEach -> Lambda,4,,,,,,
DP,1-4,33,1185,(for) to ForEach -> Lambda,4,,,,,,
ET,1,23,1188,(for) to ForEach -> Lambda,5,,,,,,
DJ,1-4,13,1060,(for) to ForEach -> Lambda,4,,,,,,
ET,1,15,1185,(for) to ForEach -> Lambda,4,,,,,,
ET,1,23,1185,(for) to ForEach -> Lambda,5,,,,,,
ET,1,30,1026,(for) to ForEach -> Lambda,2,,,,,,
DJ,1-4,13,1185,(for) to ForEach -> Lambda,3,,,,,,
DP,1-4,33,1188,(for) to ForEach -> Lambda,4,,,,,,
DP,1,7,1060,(for) to ForEach -> Lambda,2,,,,,,
DP,1,12,1026,(for) to ForEach -> Lambda,3,,,,,,
AD,1-4,27,1185,(for) to ForEach -> Lambda,3,,,,,,
AD,1-4,14,1026,(for) to ForEach -> Lambda,1,,,,,,
ET,1,43,1188,(for) to ForEach -> Lambda,3,,,,,,
DJ,1-4,13,1188,(for) to ForEach -> Lambda,4,,,,,,
DJ,1,19,1060,(for) to ForEach -> Lambda,3,,,,,,
AD,1-4,32,1022,(for) to Map/Collect  -> Lambda,5,,,,,,
AD,1-4,14,1022,(for) to Map/Collect  -> Lambda,4,,,,,,
ET,1,30,1022,(for) to Map/Collect  -> Lambda,4,,,,,,
ET,1,20,1022,(for) to Map/Collect  -> Lambda,4,,,,,,
DP,1,12,1022,(for) to Map/Collect  -> Lambda,5,,,,,,
DP,5+,10,1022,(for) to Map/Collect  -> Lambda,5,,,,,,
ET,1,30,1042,Anonymous inner classes -> Lambda,4,,,,,,
DP,1,7,1070,Anonymous inner classes -> Lambda,3,,,,,,
DP,1,12,1180,Anonymous inner classes -> Lambda,4,,,,,,
AD,1-4,14,1042,Anonymous inner classes -> Lambda,2,,,,,,
ET,1,23,1070,Anonymous inner classes -> Lambda,5,,,,,,
DP,5+,10,1178,Anonymous inner classes -> Lambda,4,,,,,,
AD,1-4,14,1180,Anonymous inner classes -> Lambda,5,,,,,,
ET,1,30,1180,Anonymous inner classes -> Lambda,5,,,,,,
DJ,1-4,13,1070,Anonymous inner classes -> Lambda,2,,,,,,
ET,1,20,1180,Anonymous inner classes -> Lambda,5,,,,,,
DP,1-4,33,1070,Anonymous inner classes -> Lambda,4,,,,,,
DP,1,12,1042,Anonymous inner classes -> Lambda,4,,,,,,
AD,1-4,32,1180,Anonymous inner classes -> Lambda,5,,,,,,
ET,1,20,1042,Anonymous inner classes -> Lambda,4,,,,,,
AD,1-4,27,1070,Anonymous inner classes -> Lambda,3,,,,,,
ET,1,15,1070,Anonymous inner classes -> Lambda,4,,,,,,
AD,1-4,32,1042,Anonymous inner classes -> Lambda,5,,,,,,
AD,1-4,14,1178,Anonymous inner classes -> Lambda,4,,,,,,
DJ,1-4,21,1070,Anonymous inner classes -> Lambda,5,,,,,,
ET,1,43,1070,Anonymous inner classes -> Lambda,4,,,,,,
AD,1-4,32,1178,Anonymous inner classes -> Lambda,5,,,,,,
DP,5+,10,1042,Anonymous inner classes -> Lambda,4,,,,,,
ET,1,20,1178,Anonymous inner classes -> Lambda,4,,,,,,
DP,5+,10,1180,Anonymous inner classes -> Lambda,4,,,,,,
DJ,1,19,1070,Anonymous inner classes -> Lambda,2,,,,,,
DP,1,12,1178,Anonymous inner classes -> Lambda,3,,,,,,
ET,1,30,1178,Anonymous inner classes -> Lambda,5,,,,,,
