Participant,Transformation,Type,Q1,type,mean,sd,,mean,sd
45,1062,(for) to Filter -> Lambda,3,(for) to Filter -> Lambda,"3,6428571429","0,8418973861",,"3,3412698413","1,0366306838"
17,1062,(for) to Filter -> Lambda,3,(for) to Filter/ForEach -> Lambda,"3,1071428571","1,1001442907",,,
43,1062,(for) to Filter -> Lambda,4,(for) to ForEach -> Lambda,"2,8928571429","0,8751417119",,,
47,1062,(for) to Filter -> Lambda,4,(for) to Map -> Lambda,"3,7857142857","1,0509022811",,,
31,1062,(for) to Filter -> Lambda,3,(for) to Map/Collect  -> Lambda,"3,5714285714","0,9973509887",,,
7,1062,(for) to Filter -> Lambda,4,Anonymous inner classes -> Lambda,"3,500000000","1,1602387022",,,
41,1062,(for) to Filter -> Lambda,2,,,,,,
25,1062,(for) to Filter -> Lambda,3,,,,,,
33,1062,(for) to Filter -> Lambda,4,,,,,,
39,1062,(for) to Filter -> Lambda,4,,,,,,
13,1062,(for) to Filter -> Lambda,5,,,,,,
27,1062,(for) to Filter -> Lambda,4,,,,,,
15,1062,(for) to Filter -> Lambda,3,,,,,,
19,1062,(for) to Filter -> Lambda,5,,,,,,
17,1183,(for) to Filter/ForEach -> Lambda,2,,,,,,
39,1192,(for) to Filter/ForEach -> Lambda,4,,,,,,
13,1192,(for) to Filter/ForEach -> Lambda,4,,,,,,
27,1192,(for) to Filter/ForEach -> Lambda,3,,,,,,
43,1183,(for) to Filter/ForEach -> Lambda,5,,,,,,
47,1183,(for) to Filter/ForEach -> Lambda,4,,,,,,
15,1192,(for) to Filter/ForEach -> Lambda,3,,,,,,
19,1192,(for) to Filter/ForEach -> Lambda,5,,,,,,
31,1183,(for) to Filter/ForEach -> Lambda,1,,,,,,
7,1183,(for) to Filter/ForEach -> Lambda,4,,,,,,
41,1183,(for) to Filter/ForEach -> Lambda,3,,,,,,
25,1183,(for) to Filter/ForEach -> Lambda,2,,,,,,
45,1192,(for) to Filter/ForEach -> Lambda,1,,,,,,
17,1192,(for) to Filter/ForEach -> Lambda,2,,,,,,
33,1183,(for) to Filter/ForEach -> Lambda,4,,,,,,
39,1183,(for) to Filter/ForEach -> Lambda,4,,,,,,
13,1183,(for) to Filter/ForEach -> Lambda,4,,,,,,
43,1192,(for) to Filter/ForEach -> Lambda,3,,,,,,
27,1183,(for) to Filter/ForEach -> Lambda,3,,,,,,
47,1192,(for) to Filter/ForEach -> Lambda,4,,,,,,
31,1192,(for) to Filter/ForEach -> Lambda,4,,,,,,
15,1183,(for) to Filter/ForEach -> Lambda,3,,,,,,
7,1192,(for) to Filter/ForEach -> Lambda,3,,,,,,
19,1183,(for) to Filter/ForEach -> Lambda,2,,,,,,
41,1192,(for) to Filter/ForEach -> Lambda,2,,,,,,
25,1192,(for) to Filter/ForEach -> Lambda,2,,,,,,
33,1192,(for) to Filter/ForEach -> Lambda,4,,,,,,
45,1183,(for) to Filter/ForEach -> Lambda,2,,,,,,
25,1166,(for) to ForEach -> Lambda,2,,,,,,
33,1182,(for) to ForEach -> Lambda,4,,,,,,
39,1182,(for) to ForEach -> Lambda,4,,,,,,
13,1182,(for) to ForEach -> Lambda,3,,,,,,
33,1166,(for) to ForEach -> Lambda,4,,,,,,
39,1166,(for) to ForEach -> Lambda,4,,,,,,
13,1166,(for) to ForEach -> Lambda,3,,,,,,
27,1182,(for) to ForEach -> Lambda,3,,,,,,
27,1166,(for) to ForEach -> Lambda,4,,,,,,
15,1182,(for) to ForEach -> Lambda,3,,,,,,
19,1182,(for) to ForEach -> Lambda,2,,,,,,
15,1166,(for) to ForEach -> Lambda,3,,,,,,
19,1166,(for) to ForEach -> Lambda,2,,,,,,
45,1182,(for) to ForEach -> Lambda,2,,,,,,
17,1182,(for) to ForEach -> Lambda,1,,,,,,
45,1166,(for) to ForEach -> Lambda,3,,,,,,
17,1166,(for) to ForEach -> Lambda,2,,,,,,
43,1182,(for) to ForEach -> Lambda,3,,,,,,
47,1182,(for) to ForEach -> Lambda,4,,,,,,
43,1166,(for) to ForEach -> Lambda,4,,,,,,
47,1166,(for) to ForEach -> Lambda,4,,,,,,
31,1182,(for) to ForEach -> Lambda,2,,,,,,
7,1182,(for) to ForEach -> Lambda,2,,,,,,
31,1166,(for) to ForEach -> Lambda,3,,,,,,
41,1182,(for) to ForEach -> Lambda,3,,,,,,
7,1166,(for) to ForEach -> Lambda,3,,,,,,
41,1166,(for) to ForEach -> Lambda,2,,,,,,
25,1182,(for) to ForEach -> Lambda,2,,,,,,
28,1035,(for) to Map -> Lambda,2,,,,,,
16,1035,(for) to Map -> Lambda,4,,,,,,
20,1035,(for) to Map -> Lambda,4,,,,,,
36,1035,(for) to Map -> Lambda,5,,,,,,
46,1035,(for) to Map -> Lambda,2,,,,,,
30,1035,(for) to Map -> Lambda,3,,,,,,
6,1035,(for) to Map -> Lambda,3,,,,,,
22,1035,(for) to Map -> Lambda,4,,,,,,
32,1035,(for) to Map -> Lambda,4,,,,,,
38,1035,(for) to Map -> Lambda,3,,,,,,
12,1035,(for) to Map -> Lambda,4,,,,,,
26,1035,(for) to Map -> Lambda,5,,,,,,
34,1035,(for) to Map -> Lambda,5,,,,,,
14,1035,(for) to Map -> Lambda,5,,,,,,
6,1052,(for) to Map/Collect  -> Lambda,3,,,,,,
30,1027,(for) to Map/Collect  -> Lambda,2,,,,,,
6,1027,(for) to Map/Collect  -> Lambda,3,,,,,,
22,1052,(for) to Map/Collect  -> Lambda,4,,,,,,
22,1027,(for) to Map/Collect  -> Lambda,4,,,,,,
32,1052,(for) to Map/Collect  -> Lambda,3,,,,,,
38,1052,(for) to Map/Collect  -> Lambda,4,,,,,,
12,1052,(for) to Map/Collect  -> Lambda,4,,,,,,
32,1027,(for) to Map/Collect  -> Lambda,3,,,,,,
38,1027,(for) to Map/Collect  -> Lambda,4,,,,,,
12,1027,(for) to Map/Collect  -> Lambda,4,,,,,,
26,1052,(for) to Map/Collect  -> Lambda,4,,,,,,
26,1027,(for) to Map/Collect  -> Lambda,4,,,,,,
34,1052,(for) to Map/Collect  -> Lambda,5,,,,,,
14,1052,(for) to Map/Collect  -> Lambda,4,,,,,,
34,1027,(for) to Map/Collect  -> Lambda,5,,,,,,
14,1027,(for) to Map/Collect  -> Lambda,2,,,,,,
28,1052,(for) to Map/Collect  -> Lambda,2,,,,,,
28,1027,(for) to Map/Collect  -> Lambda,2,,,,,,
16,1052,(for) to Map/Collect  -> Lambda,4,,,,,,
20,1052,(for) to Map/Collect  -> Lambda,4,,,,,,
16,1027,(for) to Map/Collect  -> Lambda,4,,,,,,
20,1027,(for) to Map/Collect  -> Lambda,4,,,,,,
36,1052,(for) to Map/Collect  -> Lambda,5,,,,,,
36,1027,(for) to Map/Collect  -> Lambda,5,,,,,,
46,1052,(for) to Map/Collect  -> Lambda,2,,,,,,
46,1027,(for) to Map/Collect  -> Lambda,2,,,,,,
30,1052,(for) to Map/Collect  -> Lambda,4,,,,,,
45,1180,Anonymous inner classes -> Lambda,4,,,,,,
17,1180,Anonymous inner classes -> Lambda,2,,,,,,
43,1180,Anonymous inner classes -> Lambda,5,,,,,,
47,1180,Anonymous inner classes -> Lambda,4,,,,,,
31,1180,Anonymous inner classes -> Lambda,4,,,,,,
7,1180,Anonymous inner classes -> Lambda,4,,,,,,
41,1180,Anonymous inner classes -> Lambda,2,,,,,,
25,1180,Anonymous inner classes -> Lambda,4,,,,,,
33,1180,Anonymous inner classes -> Lambda,4,,,,,,
39,1180,Anonymous inner classes -> Lambda,4,,,,,,
13,1180,Anonymous inner classes -> Lambda,5,,,,,,
27,1180,Anonymous inner classes -> Lambda,3,,,,,,
15,1180,Anonymous inner classes -> Lambda,3,,,,,,
19,1180,Anonymous inner classes -> Lambda,1,,,,,,
