diff_id	Tool	_Type	Transformation	Loc_Before	Loc_After	Complex_Before	Complex_After	Posnet_Before	Posnet_After	RayBuse_Before	RayBuse_After
/var/www/html/QARefactorings/app/webroot/files/snippet-intellj-ant-ivy-rel-01	intellj	Anonymous inner class	456	10	6	2	2	0,893	0,801	0,346	0,457
/var/www/html/QARefactorings/app/webroot/files/snippet-intellj-ant-ivy-rel-02	intellj	Anonymous inner class	457	16	14	3	3	0,527	0,611	0,012	0,014
/var/www/html/QARefactorings/app/webroot/files/snippet-intellj-ant-ivy-rel-03	intellj	Anonymous inner class	458	19	17	3	3	0,988	0,994	0,007	0,011
/var/www/html/QARefactorings/app/webroot/files/snippet-intellj-ant-ivy-rel-04	intellj	Anonymous inner class	459	9	5	2	2	0,888	0,842	0,306	0,446
/var/www/html/QARefactorings/app/webroot/files/snippet-intellj-antlrwork-01	intellj	Anonymous inner class	460	13	11	1	1	0,996	0,996	0,811	0,93
/var/www/html/QARefactorings/app/webroot/files/snippet-intellj-antlrwork-02	intellj	Anonymous inner class	461	17	13	1	1	0,959	0,889	0,009	0,019
/var/www/html/QARefactorings/app/webroot/files/snippet-intellj-antlrwork-03	intellj	Anonymous inner class	462	13	8	1	1	0,99	0,962	0,102	0,026
/var/www/html/QARefactorings/app/webroot/files/snippet-intellj-antlrwork-04	intellj	Anonymous inner class	463	10	6	1	1	0,998	0,995	0,749	0,861
/var/www/html/QARefactorings/app/webroot/files/snippet-intellj-antlrwork-05	intellj	Anonymous inner class	464	22	18	1	1	0,999	0,998	0,731	0,817
/var/www/html/QARefactorings/app/webroot/files/snippet-intellj-fitnesse-01	intellj	Anonymous inner class	465	12	7	1	1	0,736	0,521	0	0
/var/www/html/QARefactorings/app/webroot/files/snippet-intellj-fitnesse-02	intellj	Anonymous inner class	466	19	16	3	3	0,868	0,885	0,016	0,075
/var/www/html/QARefactorings/app/webroot/files/snippet-intellj-fitnesse-03	intellj	Anonymous inner class	467	10	8	1	1	0,916	0,941	0,046	0,025
/var/www/html/QARefactorings/app/webroot/files/snippet-intellj-fitnesse-04	intellj	Anonymous inner class	468	14	11	3	3	0,979	0,987	0,13	0,107
/var/www/html/QARefactorings/app/webroot/files/snippet-intellj-fitnesse-05	intellj	Anonymous inner class	469	7	2	1	1	0,993	0,979	0,735	0,929
/var/www/html/QARefactorings/app/webroot/files/snippet-intellj-junit4-01	intellj	Anonymous inner class	470	12	10	1	1	0,997	0,997	0,539	0,551
/var/www/html/QARefactorings/app/webroot/files/snippet-intellj-junit4-02	intellj	Anonymous inner class	471	12	8	1	1	0,996	0,992	0,426	0,531
/var/www/html/QARefactorings/app/webroot/files/snippet-intellj-junit4-03	intellj	Anonymous inner class	472	10	8	2	2	0,931	0,959	0,087	0,155
/var/www/html/QARefactorings/app/webroot/files/snippet-intellj-junit4-04	intellj	Anonymous inner class	473	9	5	1	1	0,996	0,988	0,122	0,017
/var/www/html/QARefactorings/app/webroot/files/snippet-intellj-junit4-05	intellj	Anonymous inner class	474	8	4	1	1	0,96	0,963	0,054	0,004
/var/www/html/QARefactorings/app/webroot/files/snippet-intellj-junit4-06	intellj	Anonymous inner class	475	9	7	1	1	0,987	0,986	0,057	0,017
/var/www/html/QARefactorings/app/webroot/files/snippet-intellj-junit4-07	intellj	Anonymous inner class	476	15	11	2	2	0,996	0,986	0,116	0,076
/var/www/html/QARefactorings/app/webroot/files/snippet-intellj-junit4-08	intellj	Anonymous inner class	477	12	8	1	1	0,905	0,913	0,008	0,002
/var/www/html/QARefactorings/app/webroot/files/snippet-intellj-junit4-09	intellj	Anonymous inner class	478	12	10	1	1	0,994	0,994	0,135	0,109
/var/www/html/QARefactorings/app/webroot/files/snippet-intellj-junit4-10	intellj	Anonymous inner class	479	17	15	3	3	0,922	0,949	0,142	0,177
/var/www/html/QARefactorings/app/webroot/files/snippet-intellj-junit4-11	intellj	Anonymous inner class	480	10	8	1	1	0,99	0,992	0,462	0,382
/var/www/html/QARefactorings/app/webroot/files/snippet-intellj-tomcat7-01	intellj	Anonymous inner class	481	19	14	2	2	0,999	0,997	0,012	0,027
/var/www/html/QARefactorings/app/webroot/files/snippet-intellj-tomcat7-02	intellj	Anonymous inner class	482	19	14	3	3	0,998	0,992	0,112	0,164
/var/www/html/QARefactorings/app/webroot/files/snippet-intellj-tomcat7-03	intellj	Anonymous inner class	483	13	8	1	1	0,99	0,964	0,279	0,157
/var/www/html/QARefactorings/app/webroot/files/snippet-intellj-tomcat7-04	intellj	Anonymous inner class	484	16	11	2	2	0,995	0,978	0,18	0,185
/var/www/html/QARefactorings/app/webroot/files/snippet-intellj-tomcat7-05	intellj	Anonymous inner class	485	19	16	2	2	0,996	0,987	0,295	0,264
/var/www/html/QARefactorings/app/webroot/files/snippet-netbeans-antivyrel-01	netbeans	Anonymous inner class	486	17	13	4	4	0,927	0,847	0,07	0,148
/var/www/html/QARefactorings/app/webroot/files/snippet-netbeans-antivyrel-02	netbeans	Anonymous inner class	487	7	3	1	1	0,974	0,964	0,017	0
/var/www/html/QARefactorings/app/webroot/files/snippet-netbeans-antivyrel-06	netbeans	Anonymous inner class	491	9	5	2	2	0,893	0,728	0,346	0,348
/var/www/html/QARefactorings/app/webroot/files/snippet-netbeans-antlworks-02	netbeans	Anonymous inner class	494	18	16	1	1	0,994	0,975	0,073	0,038
/var/www/html/QARefactorings/app/webroot/files/snippet-netbeans-antlworks-05	netbeans	Anonymous inner class	497	12	14	1	1	0,311	0,27	0,002	0
/var/www/html/QARefactorings/app/webroot/files/snippet-netbeans-antlworks-06	netbeans	Anonymous inner class	498	12	9	1	1	0,99	0,978	0,102	0,046
/var/www/html/QARefactorings/app/webroot/files/snippet-netbeans-fitnesse-06	netbeans	Anonymous inner class	505	11	8	1	1	0,736	0,613	0	0
/var/www/html/QARefactorings/app/webroot/files/snippet-netbeans-fitnesse-07	netbeans	Anonymous inner class	506	16	12	3	3	0,999	0,997	0,667	0,511
/var/www/html/QARefactorings/app/webroot/files/snippet-netbeans-fitnesse-08	netbeans	Anonymous inner class	507	11	8	1	1	0,954	0,973	0,031	0,016
/var/www/html/QARefactorings/app/webroot/files/snippet-netbeans-junit4-01	netbeans	Anonymous inner class	508	11	9	1	1	0,997	0,997	0,539	0,551
/var/www/html/QARefactorings/app/webroot/files/snippet-netbeans-tomcat7-01	netbeans	Anonymous inner class	515	16	9	2	2	0,996	0,918	0,191	0,064
/var/www/html/QARefactorings/app/webroot/files/snippet-netbeans-tomcat7-04	netbeans	Anonymous inner class	518	18	13	2	2	0,999	0,997	0,012	0,027
/var/www/html/QARefactorings/app/webroot/files/snippet-netbeans-tomcat7-06	netbeans	Anonymous inner class	520	24	18	4	4	0,976	0,933	0,049	0,038
/var/www/html/QARefactorings/app/webroot/files/snippet-netbeans-tomcat7-07	netbeans	Anonymous inner class	521	30	26	4	4	1	0,999	0,01	0,032
/var/www/html/QARefactorings/app/webroot/files/snippet-netbeans-junit4-07	netbeans	Filter	514	13	11	4	2	0,878	0,757	0,074	0,022
/var/www/html/QARefactorings/app/webroot/files/snippet-netbeans-antlworks-04	netbeans	Chaining	496	17	17	3	1	0,509	0,173	0,048	0,011
/var/www/html/QARefactorings/app/webroot/files/snippet-netbeans-antlworks-07	netbeans	Chaining	499	12	12	3	1	0,997	0,992	0,728	0,135
/var/www/html/QARefactorings/app/webroot/files/snippet-netbeans-antivyrel-07	netbeans	ForEach	492	7	7	2	2	0,81	0,91	0	0
/var/www/html/QARefactorings/app/webroot/files/snippet-netbeans-fitnesse-01	netbeans	ForEach	500	12	12	3	3	0,981	0,98	0,107	0,074
/var/www/html/QARefactorings/app/webroot/files/snippet-netbeans-fitnesse-03	netbeans	ForEach	502	16	16	3	3	0,851	0,851	0,011	0,016
/var/www/html/QARefactorings/app/webroot/files/snippet-netbeans-fitnesse-04	netbeans	ForEach	503	5	5	2	2	0,995	0,996	0,428	0,243
/var/www/html/QARefactorings/app/webroot/files/snippet-netbeans-fitnesse-05	netbeans	ForEach	504	6	6	2	2	0,989	0,991	0,08	0,042
/var/www/html/QARefactorings/app/webroot/files/snippet-netbeans-junit4-02	netbeans	ForEach	509	11	11	3	3	0,961	0,967	0,064	0,047
/var/www/html/QARefactorings/app/webroot/files/snippet-netbeans-junit4-03	netbeans	ForEach	510	6	6	2	2	0,979	0,983	0,023	0,014
/var/www/html/QARefactorings/app/webroot/files/snippet-netbeans-junit4-04	netbeans	ForEach	511	10	10	2	2	0,99	0,992	0,432	0,36
/var/www/html/QARefactorings/app/webroot/files/snippet-netbeans-junit4-05	netbeans	ForEach	512	9	9	2	2	0,99	0,992	0,432	0,36
/var/www/html/QARefactorings/app/webroot/files/snippet-netbeans-tomcat7-02	netbeans	ForEach	516	14	14	4	4	0,993	0,994	0,009	0,011
/var/www/html/QARefactorings/app/webroot/files/snippet-netbeans-tomcat7-03	netbeans	ForEach	517	21	21	4	4	0,902	0,936	0,014	0,013
/var/www/html/QARefactorings/app/webroot/files/snippet-netbeans-antivyrel-04	netbeans	Chaining	489	12	9	4	2	0,965	0,843	0,055	0,002
/var/www/html/QARefactorings/app/webroot/files/snippet-netbeans-antivyrel-05	netbeans	Chaining	490	18	18	4	2	0,519	0,388	0,007	0,001
/var/www/html/QARefactorings/app/webroot/files/snippet-netbeans-antlworks-01	netbeans	Chaining	493	10	7	2	1	0,846	0,565	0,095	0,003
/var/www/html/QARefactorings/app/webroot/files/snippet-netbeans-tomcat7-05	netbeans	Chaining	519	26	26	7	5	0,95	0,964	0,001	0
/var/www/html/QARefactorings/app/webroot/files/snippet-netbeans-antlworks-03	netbeans	Map	495	6	8	2	1	0,987	0,989	0,255	0,149
/var/www/html/QARefactorings/app/webroot/files/snippet-netbeans-fitnesse-02	netbeans	Map	501	19	18	4	3	0,171	0,087	0,003	0,002
/var/www/html/QARefactorings/app/webroot/files/snippet-netbeans-antivyrel-03	netbeans	Reduce	488	7	5	2	1	0,987	0,891	0,4	0,009
/var/www/html/QARefactorings/app/webroot/files/snippet-netbeans-junit4-06	netbeans	Reduce	513	7	5	2	1	0,987	0,923	0,528	0,064
/var/www/html/QARefactorings/app/webroot/files/snippet-rjtl-antivyrel2-01	rjtl	Anonymous inner class	522	7	3	1	1	0,974	0,961	0,017	0,001
/var/www/html/QARefactorings/app/webroot/files/snippet-rjtl-antivyrel2-07	rjtl	Anonymous inner class	528	9	5	2	2	0,888	0,829	0,29	0,503
/var/www/html/QARefactorings/app/webroot/files/snippet-rjtl-antlrworks1-02	rjtl	Anonymous inner class	530	18	12	1	1	0,999	0,998	0,518	0,466
/var/www/html/QARefactorings/app/webroot/files/snippet-rjtl-antlrworks1-03	rjtl	Anonymous inner class	531	12	8	1	1	0,999	0,998	0,769	0,852
/var/www/html/QARefactorings/app/webroot/files/snippet-rjtl-antlrworks1-04	rjtl	Anonymous inner class	532	16	12	1	1	0,959	0,874	0,008	0,01
/var/www/html/QARefactorings/app/webroot/files/snippet-rjtl-antlrworks1-05	rjtl	Anonymous inner class	533	12	7	1	1	0,99	0,952	0,096	0,026
/var/www/html/QARefactorings/app/webroot/files/snippet-rjtl-antlrworks1-06	rjtl	Anonymous inner class	534	9	4	1	1	0,998	0,993	0,737	0,502
/var/www/html/QARefactorings/app/webroot/files/snippet-rjtl-antlrworks1-07	rjtl	Anonymous inner class	535	18	14	2	2	0,998	0,995	0,251	0,33
/var/www/html/QARefactorings/app/webroot/files/snippet-rjtl-antlrworks1-08	rjtl	Anonymous inner class	536	11	6	1	1	0,979	0,908	0,031	0
/var/www/html/QARefactorings/app/webroot/files/snippet-rjtl-antlrworks1-09	rjtl	Anonymous inner class	537	14	9	1	1	0,99	0,956	0,055	0,034
/var/www/html/QARefactorings/app/webroot/files/snippet-rjtl-antlrworks1-10	rjtl	Anonymous inner class	538	8	4	1	1	0,997	0,994	0,467	0,45
/var/www/html/QARefactorings/app/webroot/files/snippet-rjtl-antlrworks1-11	rjtl	Anonymous inner class	539	9	4	1	1	0,998	0,993	0,566	0,314
/var/www/html/QARefactorings/app/webroot/files/snippet-rjtl-antlrworks1-12	rjtl	Anonymous inner class	540	7	3	1	1	0,997	0,991	0,387	0,231
/var/www/html/QARefactorings/app/webroot/files/snippet-rjtl-antlrworks1-13	rjtl	Anonymous inner class	541	19	11	1	1	0,968	0,695	0,001	0,001
/var/www/html/QARefactorings/app/webroot/files/snippet-rjtl-antlrworks1-14	rjtl	Anonymous inner class	542	8	4	1	1	0,996	0,989	0,448	0,359
/var/www/html/QARefactorings/app/webroot/files/snippet-rjtl-antlrworks1-15	rjtl	Anonymous inner class	543	11	7	1	1	0,999	0,996	0,777	0,843
/var/www/html/QARefactorings/app/webroot/files/snippet-rjtl-junit4-03	rjtl	Anonymous inner class	550	8	4	1	1	0,996	0,987	0,114	0,018
/var/www/html/QARefactorings/app/webroot/files/snippet-rjtl-junit4-04	rjtl	Anonymous inner class	551	7	3	1	1	0,998	0,996	0,39	0,158
/var/www/html/QARefactorings/app/webroot/files/snippet-rjtl-junit4-06	rjtl	Anonymous inner class	553	10	6	1	1	0,997	0,99	0,304	0,149
/var/www/html/QARefactorings/app/webroot/files/snippet-rjtl-junit4-07	rjtl	Anonymous inner class	554	8	4	1	1	0,983	0,946	0,266	0,108
/var/www/html/QARefactorings/app/webroot/files/snippet-rjtl-antivyrel2-02	rjtl	AnyMatch	523	8	3	3	1	0,994	0,967	0,13	0,028
/var/www/html/QARefactorings/app/webroot/files/snippet-rjtl-antivyrel2-03	rjtl	AnyMatch	524	8	3	3	1	0,997	0,983	0,261	0,074
/var/www/html/QARefactorings/app/webroot/files/snippet-rjtl-antivyrel2-04	rjtl	AnyMatch	525	9	4	3	1	0,997	0,983	0,289	0,098
/var/www/html/QARefactorings/app/webroot/files/snippet-rjtl-antivyrel2-05	rjtl	AnyMatch	526	8	3	3	1	0,997	0,982	0,443	0,285
/var/www/html/QARefactorings/app/webroot/files/snippet-rjtl-antlrworks1-01	rjtl	AnyMatch	529	8	3	3	1	0,996	0,98	0,398	0,036
/var/www/html/QARefactorings/app/webroot/files/snippet-rjtl-fitnesse2019-01	rjtl	AnyMatch	544	8	3	3	1	0,996	0,976	0,433	0,27
/var/www/html/QARefactorings/app/webroot/files/snippet-rjtl-fitnesse2019-02	rjtl	AnyMatch	545	8	3	3	1	0,996	0,976	0,179	0,027
/var/www/html/QARefactorings/app/webroot/files/snippet-rjtl-fitnesse2019-03	rjtl	AnyMatch	546	9	4	3	1	0,998	0,987	0,552	0,485
/var/www/html/QARefactorings/app/webroot/files/snippet-rjtl-junit4-01	rjtl	AnyMatch	548	8	3	3	1	0,99	0,978	0,178	0,014
/var/www/html/QARefactorings/app/webroot/files/snippet-rjtl-junit4-02	rjtl	AnyMatch	549	9	3	3	1	0,998	0,98	0,254	0,137
/var/www/html/QARefactorings/app/webroot/files/snippet-rjtl-junit4-05	rjtl	AnyMatch	552	8	3	3	1	0,996	0,976	0,158	0,007
/var/www/html/QARefactorings/app/webroot/files/snippet-rjtl-tomcat7-01	rjtl	AnyMatch	555	10	3	4	2	0,995	0,932	0,086	0,009
/var/www/html/QARefactorings/app/webroot/files/snippet-rjtl-antivyrel2-06	rjtl	Filter	527	11	7	4	2	0,88	0,374	0,006	0,001
/var/www/html/QARefactorings/app/webroot/files/snippet-rjtl-fitnesse2019-04	rjtl	Filter	547	11	3	4	1	0,948	0,93	0,036	0,008
