Participant	Transformation	Tool	Type	NewType-1	NewType-2	Q1	Q2	Q3	Q4	Q5	Q6
15	463	intellj	Anonymous Inner Class To Lambda Expression	Anonymous To Lambda Refactoring	Anonymous inner class	4	4	4	2	5	5
15	521	netbeans	Anonymous Inner Class To Lambda Expression	Anonymous To Lambda Refactoring	Anonymous inner class	3	4	4	2	5	5
15	554	rjtl	Anonymous Inner Class To Lambda Expression	Anonymous To Lambda Refactoring	Anonymous inner class	4	4	4	2	5	5
15	534	rjtl	Anonymous Inner Class To Lambda Expression	Anonymous To Lambda Refactoring	Anonymous inner class	4	4	4	2	5	5
15	543	rjtl	Anonymous Inner Class To Lambda Expression	Anonymous To Lambda Refactoring	Anonymous inner class	4	4	4	2	5	5
17	490	netbeans	Loop To map->filter->forEachOrdered	ForLoop To Functional Refactoring	Chaining	3	3	3	3	3	3
20	467	intellj	Anonymous Inner Class To Lambda Expression	Anonymous To Lambda Refactoring	Anonymous inner class	5	5	5	1	4	4
20	515	netbeans	Anonymous Inner Class To Lambda Expression	Anonymous To Lambda Refactoring	Anonymous inner class	5	5	5	1	4	4
20	539	rjtl	Anonymous Inner Class To Lambda Expression	Anonymous To Lambda Refactoring	Anonymous inner class	5	5	5	1	4	4
20	551	rjtl	Anonymous Inner Class To Lambda Expression	Anonymous To Lambda Refactoring	Anonymous inner class	5	5	5	1	4	4
20	550	rjtl	Anonymous Inner Class To Lambda Expression	Anonymous To Lambda Refactoring	Anonymous inner class	5	5	5	1	4	4
22	497	netbeans	Anonymous Inner Class To Lambda Expression	Anonymous To Lambda Refactoring	Anonymous inner class	3	2	1	4	2	4
22	495	netbeans	Loop To map->forEachOrdered	ForLoop To Functional Refactoring	Map	1	2	1	4	2	4
22	517	netbeans	Loop To forEach	ForLoop To Functional Refactoring	ForEach	3	2	1	4	2	4
22	502	netbeans	Loop To forEach	ForLoop To Functional Refactoring	ForEach	3	2	1	4	2	4
22	516	netbeans	Loop To forEach	ForLoop To Functional Refactoring	ForEach	3	2	1	4	2	4
27	538	rjtl	Anonymous Inner Class To Lambda Expression	Anonymous To Lambda Refactoring	Anonymous inner class	4	4	4	5	5	4
27	533	rjtl	Anonymous Inner Class To Lambda Expression	Anonymous To Lambda Refactoring	Anonymous inner class	5	4	4	5	5	4
27	532	rjtl	Anonymous Inner Class To Lambda Expression	Anonymous To Lambda Refactoring	Anonymous inner class	5	4	4	5	5	4
27	553	rjtl	Anonymous Inner Class To Lambda Expression	Anonymous To Lambda Refactoring	Anonymous inner class	3	4	4	5	5	4
27	531	rjtl	Anonymous Inner Class To Lambda Expression	Anonymous To Lambda Refactoring	Anonymous inner class	4	4	4	5	5	4
30	547	rjtl	Loop To filter->collect	ForLoop To Functional Refactoring	Filter	2	3	2	4	2	1
32	483	intellj	Anonymous Inner Class To Lambda Expression	Anonymous To Lambda Refactoring	Anonymous inner class	2	5	5	4	4	5
34	465	intellj	Anonymous Inner Class To Lambda Expression	Anonymous To Lambda Refactoring	Anonymous inner class	4	4	3	2	3	5
34	507	netbeans	Anonymous Inner Class To Lambda Expression	Anonymous To Lambda Refactoring	Anonymous inner class	5	4	3	2	3	5
34	491	netbeans	Anonymous Inner Class To Lambda Expression	Anonymous To Lambda Refactoring	Anonymous inner class	5	4	3	2	3	5
34	536	rjtl	Anonymous Inner Class To Lambda Expression	Anonymous To Lambda Refactoring	Anonymous inner class	4	4	3	2	3	5
34	535	rjtl	Anonymous Inner Class To Lambda Expression	Anonymous To Lambda Refactoring	Anonymous inner class	3	4	3	2	3	5
36	465	intellj	Anonymous Inner Class To Lambda Expression	Anonymous To Lambda Refactoring	Anonymous inner class	4	4	4	3	5	3
38	498	netbeans	Anonymous Inner Class To Lambda Expression	Anonymous To Lambda Refactoring	Anonymous inner class	5	4	4	4	3	4
38	542	rjtl	Anonymous Inner Class To Lambda Expression	Anonymous To Lambda Refactoring	Anonymous inner class	3	4	4	4	3	4
42	485	intellj	Anonymous Inner Class To Lambda Expression	Anonymous To Lambda Refactoring	Anonymous inner class	4	5	4	2	4	4
43	459	intellj	Anonymous Inner Class To Lambda Expression	Anonymous To Lambda Refactoring	Anonymous inner class	4	4	5	2	5	4
43	456	intellj	Anonymous Inner Class To Lambda Expression	Anonymous To Lambda Refactoring	Anonymous inner class	5	4	5	2	5	4
43	484	intellj	Anonymous Inner Class To Lambda Expression	Anonymous To Lambda Refactoring	Anonymous inner class	5	4	5	2	5	4
43	457	intellj	Anonymous Inner Class To Lambda Expression	Anonymous To Lambda Refactoring	Anonymous inner class	4	4	5	2	5	4
43	505	netbeans	Anonymous Inner Class To Lambda Expression	Anonymous To Lambda Refactoring	Anonymous inner class	5	4	5	2	5	4
46	482	intellj	Anonymous Inner Class To Lambda Expression	Anonymous To Lambda Refactoring	Anonymous inner class	4	3	2	1	3	4
46	469	intellj	Anonymous Inner Class To Lambda Expression	Anonymous To Lambda Refactoring	Anonymous inner class	4	3	2	1	3	4
46	464	intellj	Anonymous Inner Class To Lambda Expression	Anonymous To Lambda Refactoring	Anonymous inner class	2	3	2	1	3	4
46	506	netbeans	Anonymous Inner Class To Lambda Expression	Anonymous To Lambda Refactoring	Anonymous inner class	5	3	2	1	3	4
46	528	rjtl	Anonymous Inner Class To Lambda Expression	Anonymous To Lambda Refactoring	Anonymous inner class	4	3	2	1	3	4
48	480	intellj	Anonymous Inner Class To Lambda Expression	Anonymous To Lambda Refactoring	Anonymous inner class	2	4	4	3	2	4
48	471	intellj	Anonymous Inner Class To Lambda Expression	Anonymous To Lambda Refactoring	Anonymous inner class	2	4	4	3	2	4
48	473	intellj	Anonymous Inner Class To Lambda Expression	Anonymous To Lambda Refactoring	Anonymous inner class	2	4	4	3	2	4
48	478	intellj	Anonymous Inner Class To Lambda Expression	Anonymous To Lambda Refactoring	Anonymous inner class	2	4	4	3	2	4
48	537	rjtl	Anonymous Inner Class To Lambda Expression	Anonymous To Lambda Refactoring	Anonymous inner class	2	4	4	3	2	4
49	487	netbeans	Anonymous Inner Class To Lambda Expression	Anonymous To Lambda Refactoring	Anonymous inner class	4	4	5	4	3	4
51	479	intellj	Anonymous Inner Class To Lambda Expression	Anonymous To Lambda Refactoring	Anonymous inner class	4	4	4	2	4	3
52	479	intellj	Anonymous Inner Class To Lambda Expression	Anonymous To Lambda Refactoring	Anonymous inner class	2	4	4	4	4	5
52	475	intellj	Anonymous Inner Class To Lambda Expression	Anonymous To Lambda Refactoring	Anonymous inner class	5	4	4	4	4	5
52	472	intellj	Anonymous Inner Class To Lambda Expression	Anonymous To Lambda Refactoring	Anonymous inner class	5	4	4	4	4	5
52	458	intellj	Anonymous Inner Class To Lambda Expression	Anonymous To Lambda Refactoring	Anonymous inner class	3	4	4	4	4	5
52	466	intellj	Anonymous Inner Class To Lambda Expression	Anonymous To Lambda Refactoring	Anonymous inner class	3	4	4	4	4	5
56	462	intellj	Anonymous Inner Class To Lambda Expression	Anonymous To Lambda Refactoring	Anonymous inner class	5	5	5	1	3	4
56	476	intellj	Anonymous Inner Class To Lambda Expression	Anonymous To Lambda Refactoring	Anonymous inner class	4	5	5	1	3	4
56	477	intellj	Anonymous Inner Class To Lambda Expression	Anonymous To Lambda Refactoring	Anonymous inner class	3	5	5	1	3	4
56	508	netbeans	Anonymous Inner Class To Lambda Expression	Anonymous To Lambda Refactoring	Anonymous inner class	5	5	5	1	3	4
56	518	netbeans	Anonymous Inner Class To Lambda Expression	Anonymous To Lambda Refactoring	Anonymous inner class	4	5	5	1	3	4
66	461	intellj	Anonymous Inner Class To Lambda Expression	Anonymous To Lambda Refactoring	Anonymous inner class	4	4	4	2	4	4
66	470	intellj	Anonymous Inner Class To Lambda Expression	Anonymous To Lambda Refactoring	Anonymous inner class	4	4	4	2	4	4
66	481	intellj	Anonymous Inner Class To Lambda Expression	Anonymous To Lambda Refactoring	Anonymous inner class	4	4	4	2	4	4
66	460	intellj	Anonymous Inner Class To Lambda Expression	Anonymous To Lambda Refactoring	Anonymous inner class	4	4	4	2	4	4
66	540	rjtl	Anonymous Inner Class To Lambda Expression	Anonymous To Lambda Refactoring	Anonymous inner class	4	4	4	2	4	4
70	474	intellj	Anonymous Inner Class To Lambda Expression	Anonymous To Lambda Refactoring	Anonymous inner class	4	5	4	4	3	3
70	468	intellj	Anonymous Inner Class To Lambda Expression	Anonymous To Lambda Refactoring	Anonymous inner class	2	5	4	4	3	3
70	520	netbeans	Anonymous Inner Class To Lambda Expression	Anonymous To Lambda Refactoring	Anonymous inner class	3	5	4	4	3	3
70	522	rjtl	Anonymous Inner Class To Lambda Expression	Anonymous To Lambda Refactoring	Anonymous inner class	5	5	4	4	3	3
70	541	rjtl	Anonymous Inner Class To Lambda Expression	Anonymous To Lambda Refactoring	Anonymous inner class	2	5	4	4	3	3
74	530	rjtl	Anonymous Inner Class To Lambda Expression	Anonymous To Lambda Refactoring	Anonymous inner class	4	4	3	2	3	4
79	511	netbeans	Loop To forEach	ForLoop To Functional Refactoring	ForEach	3	3	5	2	2	3
79	510	netbeans	Loop To forEach	ForLoop To Functional Refactoring	ForEach	2	3	5	2	2	3
79	492	netbeans	Loop To forEach	ForLoop To Functional Refactoring	ForEach	4	3	5	2	2	3
79	512	netbeans	Loop To forEach	ForLoop To Functional Refactoring	ForEach	3	3	5	2	2	3
79	501	netbeans	Loop To map->forEachOrdered	ForLoop To Functional Refactoring	Map	4	3	5	2	2	3
80	504	netbeans	Loop To forEach	ForLoop To Functional Refactoring	ForEach	3	3	4	3	2	1
80	503	netbeans	Loop To forEach	ForLoop To Functional Refactoring	ForEach	3	3	4	3	2	1
80	509	netbeans	Loop To forEach	ForLoop To Functional Refactoring	ForEach	3	3	4	3	2	1
80	500	netbeans	Loop To forEach	ForLoop To Functional Refactoring	ForEach	3	3	4	3	2	1
84	486	netbeans	Anonymous Inner Class To Lambda Expression	Anonymous To Lambda Refactoring	Anonymous inner class	4	5	4	3	4	4
84	529	rjtl	Loop To anyMatch	ForLoop To Functional Refactoring	AnyMatch	5	5	4	3	4	4
84	523	rjtl	Loop To anyMatch	ForLoop To Functional Refactoring	AnyMatch	5	5	4	3	4	4
84	549	rjtl	Loop To anyMatch	ForLoop To Functional Refactoring	AnyMatch	4	5	4	3	4	4
84	555	rjtl	Loop To anyMatch	ForLoop To Functional Refactoring	AnyMatch	4	5	4	3	4	4
92	524	rjtl	Loop To anyMatch	ForLoop To Functional Refactoring	AnyMatch	5	4	5	3	5	5
122	545	rjtl	Loop To anyMatch	ForLoop To Functional Refactoring	AnyMatch	3	3	4	2	4	4
122	548	rjtl	Loop To anyMatch	ForLoop To Functional Refactoring	AnyMatch	3	3	4	2	4	4
122	552	rjtl	Loop To anyMatch	ForLoop To Functional Refactoring	AnyMatch	3	3	4	2	4	4
122	546	rjtl	Loop To anyMatch	ForLoop To Functional Refactoring	AnyMatch	3	3	4	2	4	4
122	525	rjtl	Loop To anyMatch	ForLoop To Functional Refactoring	AnyMatch	3	3	4	2	4	4
123	526	rjtl	Loop To anyMatch	ForLoop To Functional Refactoring	AnyMatch	5	5	5	2	5	3
135	544	rjtl	Loop To anyMatch	ForLoop To Functional Refactoring	AnyMatch	5	5	5	2	4	5
138	488	netbeans	Loop To map->reduce	ForLoop To Functional Refactoring	Reduce	2	4	4	4	3	3
138	513	netbeans	Loop To map->reduce	ForLoop To Functional Refactoring	Reduce	4	4	4	4	3	3
138	496	netbeans	Loop To filter->map->forEachOrdered	ForLoop To Functional Refactoring	Chaining	3	4	4	4	3	3
138	547	rjtl	Loop To filter->collect	ForLoop To Functional Refactoring	Filter	4	4	4	4	3	3
138	527	rjtl	Loop To filter->collect	ForLoop To Functional Refactoring	Filter	5	4	4	4	3	3
151	489	netbeans	Loop To forEach->filter->forEachOrdered	ForLoop To Functional Refactoring	Chaining	2	2	2	3	3	3
151	499	netbeans	Loop To filter->map->forEachOrdered	ForLoop To Functional Refactoring	Chaining	1	2	2	3	3	3
151	493	netbeans	Loop To map->filter->forEachOrdered	ForLoop To Functional Refactoring	Chaining	3	2	2	3	3	3
151	519	netbeans	Loop To map->filter->forEachOrdered|forEach	ForLoop To Functional Refactoring	Chaining	2	2	2	3	3	3
151	514	netbeans	Loop To filter->forEachOrdered	ForLoop To Functional Refactoring	Filter	2	2	2	3	3	3
153	490	netbeans	Loop To map->filter->forEachOrdered	ForLoop To Functional Refactoring	Chaining	2	2	3	5	3	2
153	494	netbeans	Anonymous Inner Class To Lambda Expression	Anonymous To Lambda Refactoring	Anonymous inner class	2	2	3	5	3	2
153	489	netbeans	Loop To forEach->filter->forEachOrdered	ForLoop To Functional Refactoring	Chaining	2	2	3	5	3	2
153	499	netbeans	Loop To filter->map->forEachOrdered	ForLoop To Functional Refactoring	Chaining	3	2	3	5	3	2
153	493	netbeans	Loop To map->filter->forEachOrdered	ForLoop To Functional Refactoring	Chaining	2	2	3	5	3	2
183	550	rjtl	Anonymous Inner Class To Lambda Expression	Anonymous To Lambda Refactoring	Anonymous inner class	2	3	2	4	4	4
185	467	intellj	Anonymous Inner Class To Lambda Expression	Anonymous To Lambda Refactoring	Anonymous inner class	5	5	5	2	5	3
185	515	netbeans	Anonymous Inner Class To Lambda Expression	Anonymous To Lambda Refactoring	Anonymous inner class	5	5	5	2	5	3
185	553	rjtl	Anonymous Inner Class To Lambda Expression	Anonymous To Lambda Refactoring	Anonymous inner class	5	5	5	2	5	3
185	539	rjtl	Anonymous Inner Class To Lambda Expression	Anonymous To Lambda Refactoring	Anonymous inner class	5	5	5	2	5	3
185	551	rjtl	Anonymous Inner Class To Lambda Expression	Anonymous To Lambda Refactoring	Anonymous inner class	5	5	5	2	5	3
189	532	rjtl	Anonymous Inner Class To Lambda Expression	Anonymous To Lambda Refactoring	Anonymous inner class	4	4	5	2	4	4
189	533	rjtl	Anonymous Inner Class To Lambda Expression	Anonymous To Lambda Refactoring	Anonymous inner class	4	4	5	2	4	4
190	538	rjtl	Anonymous Inner Class To Lambda Expression	Anonymous To Lambda Refactoring	Anonymous inner class	4	4	4	2	4	5
191	483	intellj	Anonymous Inner Class To Lambda Expression	Anonymous To Lambda Refactoring	Anonymous inner class	5	4	4	1	5	4
191	498	netbeans	Anonymous Inner Class To Lambda Expression	Anonymous To Lambda Refactoring	Anonymous inner class	5	4	4	1	5	4
191	542	rjtl	Anonymous Inner Class To Lambda Expression	Anonymous To Lambda Refactoring	Anonymous inner class	5	4	4	1	5	4
191	538	rjtl	Anonymous Inner Class To Lambda Expression	Anonymous To Lambda Refactoring	Anonymous inner class	4	4	4	1	5	4
191	531	rjtl	Anonymous Inner Class To Lambda Expression	Anonymous To Lambda Refactoring	Anonymous inner class	5	4	4	1	5	4
192	507	netbeans	Anonymous Inner Class To Lambda Expression	Anonymous To Lambda Refactoring	Anonymous inner class	5	5	5	2	5	4
192	491	netbeans	Anonymous Inner Class To Lambda Expression	Anonymous To Lambda Refactoring	Anonymous inner class	5	5	5	2	5	4
192	536	rjtl	Anonymous Inner Class To Lambda Expression	Anonymous To Lambda Refactoring	Anonymous inner class	4	5	5	2	5	4
192	535	rjtl	Anonymous Inner Class To Lambda Expression	Anonymous To Lambda Refactoring	Anonymous inner class	4	5	5	2	5	4
192	554	rjtl	Anonymous Inner Class To Lambda Expression	Anonymous To Lambda Refactoring	Anonymous inner class	5	5	5	2	5	4
193	463	intellj	Anonymous Inner Class To Lambda Expression	Anonymous To Lambda Refactoring	Anonymous inner class	5	5	5	2	5	2
193	534	rjtl	Anonymous Inner Class To Lambda Expression	Anonymous To Lambda Refactoring	Anonymous inner class	5	5	5	2	5	2
193	543	rjtl	Anonymous Inner Class To Lambda Expression	Anonymous To Lambda Refactoring	Anonymous inner class	5	5	5	2	5	2
202	459	intellj	Anonymous Inner Class To Lambda Expression	Anonymous To Lambda Refactoring	Anonymous inner class	4	4	4	2	5	4
202	485	intellj	Anonymous Inner Class To Lambda Expression	Anonymous To Lambda Refactoring	Anonymous inner class	3	4	4	2	5	4
202	484	intellj	Anonymous Inner Class To Lambda Expression	Anonymous To Lambda Refactoring	Anonymous inner class	4	4	4	2	5	4
202	457	intellj	Anonymous Inner Class To Lambda Expression	Anonymous To Lambda Refactoring	Anonymous inner class	3	4	4	2	5	4
202	521	netbeans	Anonymous Inner Class To Lambda Expression	Anonymous To Lambda Refactoring	Anonymous inner class	4	4	4	2	5	4
203	469	intellj	Anonymous Inner Class To Lambda Expression	Anonymous To Lambda Refactoring	Anonymous inner class	3	4	5	2	4	4
203	464	intellj	Anonymous Inner Class To Lambda Expression	Anonymous To Lambda Refactoring	Anonymous inner class	5	4	5	2	4	4
203	484	intellj	Anonymous Inner Class To Lambda Expression	Anonymous To Lambda Refactoring	Anonymous inner class	2	4	5	2	4	4
203	456	intellj	Anonymous Inner Class To Lambda Expression	Anonymous To Lambda Refactoring	Anonymous inner class	2	4	5	2	4	4
203	505	netbeans	Anonymous Inner Class To Lambda Expression	Anonymous To Lambda Refactoring	Anonymous inner class	4	4	5	2	4	4
215	480	intellj	Anonymous Inner Class To Lambda Expression	Anonymous To Lambda Refactoring	Anonymous inner class	2	2	3	3	2	3
215	482	intellj	Anonymous Inner Class To Lambda Expression	Anonymous To Lambda Refactoring	Anonymous inner class	2	2	3	3	2	3
215	506	netbeans	Anonymous Inner Class To Lambda Expression	Anonymous To Lambda Refactoring	Anonymous inner class	2	2	3	3	2	3
215	528	rjtl	Anonymous Inner Class To Lambda Expression	Anonymous To Lambda Refactoring	Anonymous inner class	2	2	3	3	2	3
215	537	rjtl	Anonymous Inner Class To Lambda Expression	Anonymous To Lambda Refactoring	Anonymous inner class	2	2	3	3	2	3
229	473	intellj	Anonymous Inner Class To Lambda Expression	Anonymous To Lambda Refactoring	Anonymous inner class	5	5	5	2	5	2
229	478	intellj	Anonymous Inner Class To Lambda Expression	Anonymous To Lambda Refactoring	Anonymous inner class	5	5	5	2	5	2
229	475	intellj	Anonymous Inner Class To Lambda Expression	Anonymous To Lambda Refactoring	Anonymous inner class	4	5	5	2	5	2
229	471	intellj	Anonymous Inner Class To Lambda Expression	Anonymous To Lambda Refactoring	Anonymous inner class	5	5	5	2	5	2
229	487	netbeans	Anonymous Inner Class To Lambda Expression	Anonymous To Lambda Refactoring	Anonymous inner class	5	5	5	2	5	2
233	472	intellj	Anonymous Inner Class To Lambda Expression	Anonymous To Lambda Refactoring	Anonymous inner class	5	5	5	1	4	5
233	458	intellj	Anonymous Inner Class To Lambda Expression	Anonymous To Lambda Refactoring	Anonymous inner class	5	5	5	1	4	5
233	466	intellj	Anonymous Inner Class To Lambda Expression	Anonymous To Lambda Refactoring	Anonymous inner class	5	5	5	1	4	5
233	462	intellj	Anonymous Inner Class To Lambda Expression	Anonymous To Lambda Refactoring	Anonymous inner class	5	5	5	1	4	5
233	508	netbeans	Anonymous Inner Class To Lambda Expression	Anonymous To Lambda Refactoring	Anonymous inner class	5	5	5	1	4	5
241	476	intellj	Anonymous Inner Class To Lambda Expression	Anonymous To Lambda Refactoring	Anonymous inner class	4	4	4	3	3	3
246	477	intellj	Anonymous Inner Class To Lambda Expression	Anonymous To Lambda Refactoring	Anonymous inner class	4	3	3	4	2	5
248	518	netbeans	Anonymous Inner Class To Lambda Expression	Anonymous To Lambda Refactoring	Anonymous inner class	5	5	4	3	5	5
255	460	intellj	Anonymous Inner Class To Lambda Expression	Anonymous To Lambda Refactoring	Anonymous inner class	5	5	5	2	5	4
256	470	intellj	Anonymous Inner Class To Lambda Expression	Anonymous To Lambda Refactoring	Anonymous inner class	5	5	5	3	5	3
256	481	intellj	Anonymous Inner Class To Lambda Expression	Anonymous To Lambda Refactoring	Anonymous inner class	3	5	5	3	5	3
256	474	intellj	Anonymous Inner Class To Lambda Expression	Anonymous To Lambda Refactoring	Anonymous inner class	5	5	5	3	5	3
256	461	intellj	Anonymous Inner Class To Lambda Expression	Anonymous To Lambda Refactoring	Anonymous inner class	5	5	5	3	5	3
256	540	rjtl	Anonymous Inner Class To Lambda Expression	Anonymous To Lambda Refactoring	Anonymous inner class	5	5	5	3	5	3
259	468	intellj	Anonymous Inner Class To Lambda Expression	Anonymous To Lambda Refactoring	Anonymous inner class	3	4	5	2	2	5
259	520	netbeans	Anonymous Inner Class To Lambda Expression	Anonymous To Lambda Refactoring	Anonymous inner class	4	4	5	2	2	5
259	522	rjtl	Anonymous Inner Class To Lambda Expression	Anonymous To Lambda Refactoring	Anonymous inner class	2	4	5	2	2	5
259	541	rjtl	Anonymous Inner Class To Lambda Expression	Anonymous To Lambda Refactoring	Anonymous inner class	3	4	5	2	2	5
259	530	rjtl	Anonymous Inner Class To Lambda Expression	Anonymous To Lambda Refactoring	Anonymous inner class	5	4	5	2	2	5
260	497	netbeans	Anonymous Inner Class To Lambda Expression	Anonymous To Lambda Refactoring	Anonymous inner class	4	4	4	4	3	4
260	495	netbeans	Loop To map->forEachOrdered	ForLoop To Functional Refactoring	Map	4	4	4	4	3	4
260	517	netbeans	Loop To forEach	ForLoop To Functional Refactoring	ForEach	4	4	4	4	3	4
260	502	netbeans	Loop To forEach	ForLoop To Functional Refactoring	ForEach	4	4	4	4	3	4
260	516	netbeans	Loop To forEach	ForLoop To Functional Refactoring	ForEach	4	4	4	4	3	4
261	511	netbeans	Loop To forEach	ForLoop To Functional Refactoring	ForEach	2	2	2	3	2	3
262	492	netbeans	Loop To forEach	ForLoop To Functional Refactoring	ForEach	4	3	2	1	3	1
262	512	netbeans	Loop To forEach	ForLoop To Functional Refactoring	ForEach	2	3	2	1	3	1
262	501	netbeans	Loop To map->forEachOrdered	ForLoop To Functional Refactoring	Map	4	3	2	1	3	1
262	510	netbeans	Loop To forEach	ForLoop To Functional Refactoring	ForEach	3	3	2	1	3	1
264	504	netbeans	Loop To forEach	ForLoop To Functional Refactoring	ForEach	2	2	1	3	1	1
264	503	netbeans	Loop To forEach	ForLoop To Functional Refactoring	ForEach	2	2	1	3	1	1
264	509	netbeans	Loop To forEach	ForLoop To Functional Refactoring	ForEach	2	2	1	3	1	1
264	500	netbeans	Loop To forEach	ForLoop To Functional Refactoring	ForEach	3	2	1	3	1	1
264	486	netbeans	Anonymous Inner Class To Lambda Expression	Anonymous To Lambda Refactoring	Anonymous inner class	1	2	1	3	1	1
266	529	rjtl	Loop To anyMatch	ForLoop To Functional Refactoring	AnyMatch	2	2	4	3	4	4
268	523	rjtl	Loop To anyMatch	ForLoop To Functional Refactoring	AnyMatch	3	3	4	5	3	2
270	545	rjtl	Loop To anyMatch	ForLoop To Functional Refactoring	AnyMatch	4	3	5	4	4	5
270	549	rjtl	Loop To anyMatch	ForLoop To Functional Refactoring	AnyMatch	3	3	5	4	4	5
270	555	rjtl	Loop To anyMatch	ForLoop To Functional Refactoring	AnyMatch	4	3	5	4	4	5
270	524	rjtl	Loop To anyMatch	ForLoop To Functional Refactoring	AnyMatch	4	3	5	4	4	5
270	525	rjtl	Loop To anyMatch	ForLoop To Functional Refactoring	AnyMatch	4	3	5	4	4	5
273	548	rjtl	Loop To anyMatch	ForLoop To Functional Refactoring	AnyMatch	5	5	5	4	4	5
273	552	rjtl	Loop To anyMatch	ForLoop To Functional Refactoring	AnyMatch	5	5	5	4	4	5
273	546	rjtl	Loop To anyMatch	ForLoop To Functional Refactoring	AnyMatch	5	5	5	4	4	5
273	526	rjtl	Loop To anyMatch	ForLoop To Functional Refactoring	AnyMatch	5	5	5	4	4	5
273	544	rjtl	Loop To anyMatch	ForLoop To Functional Refactoring	AnyMatch	5	5	5	4	4	5
274	488	netbeans	Loop To map->reduce	ForLoop To Functional Refactoring	Reduce	1	1	1	4	3	4
274	513	netbeans	Loop To map->reduce	ForLoop To Functional Refactoring	Reduce	2	1	1	4	3	4
274	496	netbeans	Loop To filter->map->forEachOrdered	ForLoop To Functional Refactoring	Chaining	3	1	1	4	3	4
274	547	rjtl	Loop To filter->collect	ForLoop To Functional Refactoring	Filter	4	1	1	4	3	4
274	527	rjtl	Loop To filter->collect	ForLoop To Functional Refactoring	Filter	3	1	1	4	3	4
276	514	netbeans	Loop To filter->forEachOrdered	ForLoop To Functional Refactoring	Filter	1	1	1	5	1	5
276	519	netbeans	Loop To map->filter->forEachOrdered|forEach	ForLoop To Functional Refactoring	Chaining	1	1	1	5	1	5
276	490	netbeans	Loop To map->filter->forEachOrdered	ForLoop To Functional Refactoring	Chaining	1	1	1	5	1	5
276	494	netbeans	Anonymous Inner Class To Lambda Expression	Anonymous To Lambda Refactoring	Anonymous inner class	1	1	1	5	1	5
276	550	rjtl	Anonymous Inner Class To Lambda Expression	Anonymous To Lambda Refactoring	Anonymous inner class	5	1	1	5	1	5
281	494	netbeans	Anonymous Inner Class To Lambda Expression	Anonymous To Lambda Refactoring	Anonymous inner class	2	3	5	4	2	3
281	519	netbeans	Loop To map->filter->forEachOrdered|forEach	ForLoop To Functional Refactoring	Chaining	2	3	5	4	2	3
281	514	netbeans	Loop To filter->forEachOrdered	ForLoop To Functional Refactoring	Filter	2	3	5	4	2	3
281	493	netbeans	Loop To map->filter->forEachOrdered	ForLoop To Functional Refactoring	Chaining	2	3	5	4	2	3
281	490	netbeans	Loop To map->filter->forEachOrdered	ForLoop To Functional Refactoring	Chaining	2	3	5	4	2	3
285	467	intellj	Anonymous Inner Class To Lambda Expression	Anonymous To Lambda Refactoring	Anonymous inner class	5	5	5	3	4	5
285	515	netbeans	Anonymous Inner Class To Lambda Expression	Anonymous To Lambda Refactoring	Anonymous inner class	5	5	5	3	4	5
285	539	rjtl	Anonymous Inner Class To Lambda Expression	Anonymous To Lambda Refactoring	Anonymous inner class	5	5	5	3	4	5
285	551	rjtl	Anonymous Inner Class To Lambda Expression	Anonymous To Lambda Refactoring	Anonymous inner class	5	5	5	3	4	5
285	553	rjtl	Anonymous Inner Class To Lambda Expression	Anonymous To Lambda Refactoring	Anonymous inner class	5	5	5	3	4	5
288	515	netbeans	Anonymous Inner Class To Lambda Expression	Anonymous To Lambda Refactoring	Anonymous inner class	2	5	1	4	4	2
288	551	rjtl	Anonymous Inner Class To Lambda Expression	Anonymous To Lambda Refactoring	Anonymous inner class	2	5	1	4	4	2
288	542	rjtl	Anonymous Inner Class To Lambda Expression	Anonymous To Lambda Refactoring	Anonymous inner class	2	5	1	4	4	2
288	554	rjtl	Anonymous Inner Class To Lambda Expression	Anonymous To Lambda Refactoring	Anonymous inner class	5	5	1	4	4	2
288	536	rjtl	Anonymous Inner Class To Lambda Expression	Anonymous To Lambda Refactoring	Anonymous inner class	2	5	1	4	4	2
292	465	intellj	Anonymous Inner Class To Lambda Expression	Anonymous To Lambda Refactoring	Anonymous inner class	5	5	5	1	4	4
292	483	intellj	Anonymous Inner Class To Lambda Expression	Anonymous To Lambda Refactoring	Anonymous inner class	5	5	5	1	4	4
292	531	rjtl	Anonymous Inner Class To Lambda Expression	Anonymous To Lambda Refactoring	Anonymous inner class	5	5	5	1	4	4
292	533	rjtl	Anonymous Inner Class To Lambda Expression	Anonymous To Lambda Refactoring	Anonymous inner class	5	5	5	1	4	4
292	532	rjtl	Anonymous Inner Class To Lambda Expression	Anonymous To Lambda Refactoring	Anonymous inner class	5	5	5	1	4	4
298	507	netbeans	Anonymous Inner Class To Lambda Expression	Anonymous To Lambda Refactoring	Anonymous inner class	5	5	5	1	5	5
298	491	netbeans	Anonymous Inner Class To Lambda Expression	Anonymous To Lambda Refactoring	Anonymous inner class	4	5	5	1	5	5
298	498	netbeans	Anonymous Inner Class To Lambda Expression	Anonymous To Lambda Refactoring	Anonymous inner class	5	5	5	1	5	5
298	542	rjtl	Anonymous Inner Class To Lambda Expression	Anonymous To Lambda Refactoring	Anonymous inner class	5	5	5	1	5	5
298	535	rjtl	Anonymous Inner Class To Lambda Expression	Anonymous To Lambda Refactoring	Anonymous inner class	5	5	5	1	5	5
301	543	rjtl	Anonymous Inner Class To Lambda Expression	Anonymous To Lambda Refactoring	Anonymous inner class	5	5	5	4	5	4
309	463	intellj	Anonymous Inner Class To Lambda Expression	Anonymous To Lambda Refactoring	Anonymous inner class	1	1	1	2	5	3
314	534	rjtl	Anonymous Inner Class To Lambda Expression	Anonymous To Lambda Refactoring	Anonymous inner class	2	3	2	4	3	4
316	521	netbeans	Anonymous Inner Class To Lambda Expression	Anonymous To Lambda Refactoring	Anonymous inner class	4	4	4	4	2	2
324	459	intellj	Anonymous Inner Class To Lambda Expression	Anonymous To Lambda Refactoring	Anonymous inner class	4	4	4	2	5	4
324	485	intellj	Anonymous Inner Class To Lambda Expression	Anonymous To Lambda Refactoring	Anonymous inner class	3	4	4	2	5	4
324	456	intellj	Anonymous Inner Class To Lambda Expression	Anonymous To Lambda Refactoring	Anonymous inner class	4	4	4	2	5	4
324	457	intellj	Anonymous Inner Class To Lambda Expression	Anonymous To Lambda Refactoring	Anonymous inner class	3	4	4	2	5	4
324	505	netbeans	Anonymous Inner Class To Lambda Expression	Anonymous To Lambda Refactoring	Anonymous inner class	3	4	4	2	5	4
326	469	intellj	Anonymous Inner Class To Lambda Expression	Anonymous To Lambda Refactoring	Anonymous inner class	5	5	5	1	4	5
326	464	intellj	Anonymous Inner Class To Lambda Expression	Anonymous To Lambda Refactoring	Anonymous inner class	5	5	5	1	4	5
326	482	intellj	Anonymous Inner Class To Lambda Expression	Anonymous To Lambda Refactoring	Anonymous inner class	5	5	5	1	4	5
326	506	netbeans	Anonymous Inner Class To Lambda Expression	Anonymous To Lambda Refactoring	Anonymous inner class	5	5	5	1	4	5
326	528	rjtl	Anonymous Inner Class To Lambda Expression	Anonymous To Lambda Refactoring	Anonymous inner class	5	5	5	1	4	5
334	468	intellj	Anonymous Inner Class To Lambda Expression	Anonymous To Lambda Refactoring	Anonymous inner class	4	5	5	3	4	4
334	520	netbeans	Anonymous Inner Class To Lambda Expression	Anonymous To Lambda Refactoring	Anonymous inner class	5	5	5	3	4	4
334	522	rjtl	Anonymous Inner Class To Lambda Expression	Anonymous To Lambda Refactoring	Anonymous inner class	4	5	5	3	4	4
334	541	rjtl	Anonymous Inner Class To Lambda Expression	Anonymous To Lambda Refactoring	Anonymous inner class	3	5	5	3	4	4
334	530	rjtl	Anonymous Inner Class To Lambda Expression	Anonymous To Lambda Refactoring	Anonymous inner class	5	5	5	3	4	4
336	541	rjtl	Anonymous Inner Class To Lambda Expression	Anonymous To Lambda Refactoring	Anonymous inner class	5	5	5	2	5	4
337	480	intellj	Anonymous Inner Class To Lambda Expression	Anonymous To Lambda Refactoring	Anonymous inner class	4	4	5	3	4	5
337	471	intellj	Anonymous Inner Class To Lambda Expression	Anonymous To Lambda Refactoring	Anonymous inner class	5	4	5	3	4	5
337	473	intellj	Anonymous Inner Class To Lambda Expression	Anonymous To Lambda Refactoring	Anonymous inner class	5	4	5	3	4	5
337	478	intellj	Anonymous Inner Class To Lambda Expression	Anonymous To Lambda Refactoring	Anonymous inner class	5	4	5	3	4	5
337	520	netbeans	Anonymous Inner Class To Lambda Expression	Anonymous To Lambda Refactoring	Anonymous inner class	4	4	5	3	4	5
337	537	rjtl	Anonymous Inner Class To Lambda Expression	Anonymous To Lambda Refactoring	Anonymous inner class	5	4	5	3	4	5
338	479	intellj	Anonymous Inner Class To Lambda Expression	Anonymous To Lambda Refactoring	Anonymous inner class	4	4	3	2	3	5
338	487	netbeans	Anonymous Inner Class To Lambda Expression	Anonymous To Lambda Refactoring	Anonymous inner class	4	4	3	2	3	5
340	475	intellj	Anonymous Inner Class To Lambda Expression	Anonymous To Lambda Refactoring	Anonymous inner class	4	4	4	2	4	4
340	472	intellj	Anonymous Inner Class To Lambda Expression	Anonymous To Lambda Refactoring	Anonymous inner class	4	4	4	2	4	4
340	458	intellj	Anonymous Inner Class To Lambda Expression	Anonymous To Lambda Refactoring	Anonymous inner class	4	4	4	2	4	4
340	466	intellj	Anonymous Inner Class To Lambda Expression	Anonymous To Lambda Refactoring	Anonymous inner class	4	4	4	2	4	4
340	508	netbeans	Anonymous Inner Class To Lambda Expression	Anonymous To Lambda Refactoring	Anonymous inner class	4	4	4	2	4	4
342	462	intellj	Anonymous Inner Class To Lambda Expression	Anonymous To Lambda Refactoring	Anonymous inner class	4	5	4	4	4	4
342	476	intellj	Anonymous Inner Class To Lambda Expression	Anonymous To Lambda Refactoring	Anonymous inner class	3	5	4	4	4	4
343	477	intellj	Anonymous Inner Class To Lambda Expression	Anonymous To Lambda Refactoring	Anonymous inner class	4	4	4	4	4	4
343	518	netbeans	Anonymous Inner Class To Lambda Expression	Anonymous To Lambda Refactoring	Anonymous inner class	4	4	4	4	4	4
360	460	intellj	Anonymous Inner Class To Lambda Expression	Anonymous To Lambda Refactoring	Anonymous inner class	5	5	5	2	5	4
360	461	intellj	Anonymous Inner Class To Lambda Expression	Anonymous To Lambda Refactoring	Anonymous inner class	5	5	5	2	5	4
360	470	intellj	Anonymous Inner Class To Lambda Expression	Anonymous To Lambda Refactoring	Anonymous inner class	5	5	5	2	5	4
360	481	intellj	Anonymous Inner Class To Lambda Expression	Anonymous To Lambda Refactoring	Anonymous inner class	5	5	5	2	5	4
360	540	rjtl	Anonymous Inner Class To Lambda Expression	Anonymous To Lambda Refactoring	Anonymous inner class	5	5	5	2	5	4
362	540	rjtl	Anonymous Inner Class To Lambda Expression	Anonymous To Lambda Refactoring	Anonymous inner class	4	5	5	4	4	4
363	474	intellj	Anonymous Inner Class To Lambda Expression	Anonymous To Lambda Refactoring	Anonymous inner class	2	4	2	4	3	5
363	460	intellj	Anonymous Inner Class To Lambda Expression	Anonymous To Lambda Refactoring	Anonymous inner class	2	4	2	4	3	5
363	461	intellj	Anonymous Inner Class To Lambda Expression	Anonymous To Lambda Refactoring	Anonymous inner class	2	4	2	4	3	5
363	470	intellj	Anonymous Inner Class To Lambda Expression	Anonymous To Lambda Refactoring	Anonymous inner class	4	4	2	4	3	5
363	540	rjtl	Anonymous Inner Class To Lambda Expression	Anonymous To Lambda Refactoring	Anonymous inner class	2	4	2	4	3	5
370	511	netbeans	Loop To forEach	ForLoop To Functional Refactoring	ForEach	3	4	3	4	3	3
370	510	netbeans	Loop To forEach	ForLoop To Functional Refactoring	ForEach	4	4	3	4	3	3
370	492	netbeans	Loop To forEach	ForLoop To Functional Refactoring	ForEach	3	4	3	4	3	3
370	512	netbeans	Loop To forEach	ForLoop To Functional Refactoring	ForEach	4	4	3	4	3	3
370	501	netbeans	Loop To map->forEachOrdered	ForLoop To Functional Refactoring	Map	2	4	3	4	3	3
371	497	netbeans	Anonymous Inner Class To Lambda Expression	Anonymous To Lambda Refactoring	Anonymous inner class	3	3	2	3	2	3
373	495	netbeans	Loop To map->forEachOrdered	ForLoop To Functional Refactoring	Map	2	2	2	4	4	4
373	517	netbeans	Loop To forEach	ForLoop To Functional Refactoring	ForEach	4	2	2	4	4	4
375	502	netbeans	Loop To forEach	ForLoop To Functional Refactoring	ForEach	4	4	4	2	4	3
380	516	netbeans	Loop To forEach	ForLoop To Functional Refactoring	ForEach	2	4	5	1	3	4
380	511	netbeans	Loop To forEach	ForLoop To Functional Refactoring	ForEach	2	4	5	1	3	4
380	510	netbeans	Loop To forEach	ForLoop To Functional Refactoring	ForEach	2	4	5	1	3	4
380	492	netbeans	Loop To forEach	ForLoop To Functional Refactoring	ForEach	2	4	5	1	3	4
380	512	netbeans	Loop To forEach	ForLoop To Functional Refactoring	ForEach	2	4	5	1	3	4
383	501	netbeans	Loop To map->forEachOrdered	ForLoop To Functional Refactoring	Map	5	5	4	4	1	5
385	504	netbeans	Loop To forEach	ForLoop To Functional Refactoring	ForEach	5	5	5	2	5	4
387	503	netbeans	Loop To forEach	ForLoop To Functional Refactoring	ForEach	5	5	5	3	5	5
391	509	netbeans	Loop To forEach	ForLoop To Functional Refactoring	ForEach	4	3	3	1	3	3
391	500	netbeans	Loop To forEach	ForLoop To Functional Refactoring	ForEach	4	3	3	1	3	3
391	486	netbeans	Anonymous Inner Class To Lambda Expression	Anonymous To Lambda Refactoring	Anonymous inner class	1	3	3	1	3	3
391	529	rjtl	Loop To anyMatch	ForLoop To Functional Refactoring	AnyMatch	1	3	3	1	3	3
391	523	rjtl	Loop To anyMatch	ForLoop To Functional Refactoring	AnyMatch	1	3	3	1	3	3
394	549	rjtl	Loop To anyMatch	ForLoop To Functional Refactoring	AnyMatch	4	5	4	2	5	2
408	555	rjtl	Loop To anyMatch	ForLoop To Functional Refactoring	AnyMatch	5	2	5	5	5	3
408	524	rjtl	Loop To anyMatch	ForLoop To Functional Refactoring	AnyMatch	5	2	5	5	5	3
408	525	rjtl	Loop To anyMatch	ForLoop To Functional Refactoring	AnyMatch	5	2	5	5	5	3
408	545	rjtl	Loop To anyMatch	ForLoop To Functional Refactoring	AnyMatch	5	2	5	5	5	3
408	548	rjtl	Loop To anyMatch	ForLoop To Functional Refactoring	AnyMatch	5	2	5	5	5	3
415	552	rjtl	Loop To anyMatch	ForLoop To Functional Refactoring	AnyMatch	4	5	4	3	3	4
419	488	netbeans	Loop To map->reduce	ForLoop To Functional Refactoring	Reduce	1	3	3	3	1	1
419	513	netbeans	Loop To map->reduce	ForLoop To Functional Refactoring	Reduce	4	3	3	3	1	1
419	546	rjtl	Loop To anyMatch	ForLoop To Functional Refactoring	AnyMatch	3	3	3	3	1	1
419	526	rjtl	Loop To anyMatch	ForLoop To Functional Refactoring	AnyMatch	2	3	3	3	1	1
419	544	rjtl	Loop To anyMatch	ForLoop To Functional Refactoring	AnyMatch	3	3	3	3	1	1
426	547	rjtl	Loop To filter->collect	ForLoop To Functional Refactoring	Filter	5	5	4	2	5	3
426	527	rjtl	Loop To filter->collect	ForLoop To Functional Refactoring	Filter	5	5	4	2	5	3
447	496	netbeans	Loop To filter->map->forEachOrdered	ForLoop To Functional Refactoring	Chaining	5	5	4	4	4	3
447	489	netbeans	Loop To forEach->filter->forEachOrdered	ForLoop To Functional Refactoring	Chaining	4	5	4	4	4	3
452	467	intellj	Anonymous Inner Class To Lambda Expression	Anonymous To Lambda Refactoring	Anonymous inner class	5	1	1	4	1	1
452	496	netbeans	Loop To filter->map->forEachOrdered	ForLoop To Functional Refactoring	Chaining	1	1	1	4	1	1
452	489	netbeans	Loop To forEach->filter->forEachOrdered	ForLoop To Functional Refactoring	Chaining	2	1	1	4	1	1
452	499	netbeans	Loop To filter->map->forEachOrdered	ForLoop To Functional Refactoring	Chaining	1	1	1	4	1	1
452	550	rjtl	Anonymous Inner Class To Lambda Expression	Anonymous To Lambda Refactoring	Anonymous inner class	5	1	1	4	1	1
460	550	rjtl	Anonymous Inner Class To Lambda Expression	Anonymous To Lambda Refactoring	Anonymous inner class	4	4	4	4	4	3
460	533	rjtl	Anonymous Inner Class To Lambda Expression	Anonymous To Lambda Refactoring	Anonymous inner class	4	4	4	4	4	3
460	532	rjtl	Anonymous Inner Class To Lambda Expression	Anonymous To Lambda Refactoring	Anonymous inner class	4	4	4	4	4	3
460	553	rjtl	Anonymous Inner Class To Lambda Expression	Anonymous To Lambda Refactoring	Anonymous inner class	4	4	4	4	4	3
460	539	rjtl	Anonymous Inner Class To Lambda Expression	Anonymous To Lambda Refactoring	Anonymous inner class	4	4	4	4	4	3
461	467	intellj	Anonymous Inner Class To Lambda Expression	Anonymous To Lambda Refactoring	Anonymous inner class	2	2	2	4	1	1
462	465	intellj	Anonymous Inner Class To Lambda Expression	Anonymous To Lambda Refactoring	Anonymous inner class	1	1	1	5	1	1
462	483	intellj	Anonymous Inner Class To Lambda Expression	Anonymous To Lambda Refactoring	Anonymous inner class	1	1	1	5	1	1
462	531	rjtl	Anonymous Inner Class To Lambda Expression	Anonymous To Lambda Refactoring	Anonymous inner class	1	1	1	5	1	1
462	538	rjtl	Anonymous Inner Class To Lambda Expression	Anonymous To Lambda Refactoring	Anonymous inner class	1	1	1	5	1	1
462	539	rjtl	Anonymous Inner Class To Lambda Expression	Anonymous To Lambda Refactoring	Anonymous inner class	1	1	1	5	1	1
478	507	netbeans	Anonymous Inner Class To Lambda Expression	Anonymous To Lambda Refactoring	Anonymous inner class	4	4	4	4	3	3
479	498	netbeans	Anonymous Inner Class To Lambda Expression	Anonymous To Lambda Refactoring	Anonymous inner class	4	4	4	2	4	2
479	491	netbeans	Anonymous Inner Class To Lambda Expression	Anonymous To Lambda Refactoring	Anonymous inner class	3	4	4	2	4	2
502	488	netbeans	Loop To map->reduce	ForLoop To Functional Refactoring	Reduce	1	4	4	2	3	5
502	513	netbeans	Loop To map->reduce	ForLoop To Functional Refactoring	Reduce	2	4	4	2	3	5
502	546	rjtl	Loop To anyMatch	ForLoop To Functional Refactoring	AnyMatch	2	4	4	2	3	5
502	544	rjtl	Loop To anyMatch	ForLoop To Functional Refactoring	AnyMatch	2	4	4	2	3	5
502	547	rjtl	Loop To filter->collect	ForLoop To Functional Refactoring	Filter	5	4	4	2	3	5
505	485	intellj	Anonymous Inner Class To Lambda Expression	Anonymous To Lambda Refactoring	Anonymous inner class	3	4	4	3	2	2
505	521	netbeans	Anonymous Inner Class To Lambda Expression	Anonymous To Lambda Refactoring	Anonymous inner class	3	4	4	3	2	2
505	534	rjtl	Anonymous Inner Class To Lambda Expression	Anonymous To Lambda Refactoring	Anonymous inner class	4	4	4	3	2	2
505	554	rjtl	Anonymous Inner Class To Lambda Expression	Anonymous To Lambda Refactoring	Anonymous inner class	4	4	4	3	2	2
505	535	rjtl	Anonymous Inner Class To Lambda Expression	Anonymous To Lambda Refactoring	Anonymous inner class	3	4	4	3	2	2
512	463	intellj	Anonymous Inner Class To Lambda Expression	Anonymous To Lambda Refactoring	Anonymous inner class	5	2	4	5	2	3
512	543	rjtl	Anonymous Inner Class To Lambda Expression	Anonymous To Lambda Refactoring	Anonymous inner class	4	2	4	5	2	3
512	554	rjtl	Anonymous Inner Class To Lambda Expression	Anonymous To Lambda Refactoring	Anonymous inner class	2	2	4	5	2	3
512	536	rjtl	Anonymous Inner Class To Lambda Expression	Anonymous To Lambda Refactoring	Anonymous inner class	2	2	4	5	2	3
512	535	rjtl	Anonymous Inner Class To Lambda Expression	Anonymous To Lambda Refactoring	Anonymous inner class	2	2	4	5	2	3
538	459	intellj	Anonymous Inner Class To Lambda Expression	Anonymous To Lambda Refactoring	Anonymous inner class	5	3	3	2	2	2
538	485	intellj	Anonymous Inner Class To Lambda Expression	Anonymous To Lambda Refactoring	Anonymous inner class	3	3	3	2	2	2
538	456	intellj	Anonymous Inner Class To Lambda Expression	Anonymous To Lambda Refactoring	Anonymous inner class	5	3	3	2	2	2
538	484	intellj	Anonymous Inner Class To Lambda Expression	Anonymous To Lambda Refactoring	Anonymous inner class	4	3	3	2	2	2
538	457	intellj	Anonymous Inner Class To Lambda Expression	Anonymous To Lambda Refactoring	Anonymous inner class	2	3	3	2	2	2
547	464	intellj	Anonymous Inner Class To Lambda Expression	Anonymous To Lambda Refactoring	Anonymous inner class	5	5	4	4	4	3
547	469	intellj	Anonymous Inner Class To Lambda Expression	Anonymous To Lambda Refactoring	Anonymous inner class	2	5	4	4	4	3
547	505	netbeans	Anonymous Inner Class To Lambda Expression	Anonymous To Lambda Refactoring	Anonymous inner class	4	5	4	4	4	3
547	506	netbeans	Anonymous Inner Class To Lambda Expression	Anonymous To Lambda Refactoring	Anonymous inner class	3	5	4	4	4	3
547	528	rjtl	Anonymous Inner Class To Lambda Expression	Anonymous To Lambda Refactoring	Anonymous inner class	3	5	4	4	4	3
560	480	intellj	Anonymous Inner Class To Lambda Expression	Anonymous To Lambda Refactoring	Anonymous inner class	4	5	5	4	3	4
560	482	intellj	Anonymous Inner Class To Lambda Expression	Anonymous To Lambda Refactoring	Anonymous inner class	5	5	5	4	3	4
560	473	intellj	Anonymous Inner Class To Lambda Expression	Anonymous To Lambda Refactoring	Anonymous inner class	5	5	5	4	3	4
560	478	intellj	Anonymous Inner Class To Lambda Expression	Anonymous To Lambda Refactoring	Anonymous inner class	4	5	5	4	3	4
560	537	rjtl	Anonymous Inner Class To Lambda Expression	Anonymous To Lambda Refactoring	Anonymous inner class	4	5	5	4	3	4
566	471	intellj	Anonymous Inner Class To Lambda Expression	Anonymous To Lambda Refactoring	Anonymous inner class	5	5	5	4	4	4
566	487	netbeans	Anonymous Inner Class To Lambda Expression	Anonymous To Lambda Refactoring	Anonymous inner class	5	5	5	4	4	4
567	471	intellj	Anonymous Inner Class To Lambda Expression	Anonymous To Lambda Refactoring	Anonymous inner class	2	2	4	4	2	1
567	479	intellj	Anonymous Inner Class To Lambda Expression	Anonymous To Lambda Refactoring	Anonymous inner class	3	2	4	4	2	1
568	468	intellj	Anonymous Inner Class To Lambda Expression	Anonymous To Lambda Refactoring	Anonymous inner class	5	5	5	4	5	5
568	520	netbeans	Anonymous Inner Class To Lambda Expression	Anonymous To Lambda Refactoring	Anonymous inner class	5	5	5	4	5	5
568	522	rjtl	Anonymous Inner Class To Lambda Expression	Anonymous To Lambda Refactoring	Anonymous inner class	5	5	5	4	5	5
568	541	rjtl	Anonymous Inner Class To Lambda Expression	Anonymous To Lambda Refactoring	Anonymous inner class	5	5	5	4	5	5
568	530	rjtl	Anonymous Inner Class To Lambda Expression	Anonymous To Lambda Refactoring	Anonymous inner class	5	5	5	4	5	5
571	466	intellj	Anonymous Inner Class To Lambda Expression	Anonymous To Lambda Refactoring	Anonymous inner class	3	4	4	3	2	2
571	479	intellj	Anonymous Inner Class To Lambda Expression	Anonymous To Lambda Refactoring	Anonymous inner class	3	4	4	3	2	2
571	475	intellj	Anonymous Inner Class To Lambda Expression	Anonymous To Lambda Refactoring	Anonymous inner class	3	4	4	3	2	2
571	472	intellj	Anonymous Inner Class To Lambda Expression	Anonymous To Lambda Refactoring	Anonymous inner class	4	4	4	3	2	2
571	458	intellj	Anonymous Inner Class To Lambda Expression	Anonymous To Lambda Refactoring	Anonymous inner class	3	4	4	3	2	2
572	462	intellj	Anonymous Inner Class To Lambda Expression	Anonymous To Lambda Refactoring	Anonymous inner class	5	5	5	2	5	3
572	476	intellj	Anonymous Inner Class To Lambda Expression	Anonymous To Lambda Refactoring	Anonymous inner class	5	5	5	2	5	3
572	508	netbeans	Anonymous Inner Class To Lambda Expression	Anonymous To Lambda Refactoring	Anonymous inner class	5	5	5	2	5	3
574	477	intellj	Anonymous Inner Class To Lambda Expression	Anonymous To Lambda Refactoring	Anonymous inner class	3	2	2	5	4	4
574	481	intellj	Anonymous Inner Class To Lambda Expression	Anonymous To Lambda Refactoring	Anonymous inner class	3	2	2	5	4	4
574	474	intellj	Anonymous Inner Class To Lambda Expression	Anonymous To Lambda Refactoring	Anonymous inner class	5	2	2	5	4	4
574	468	intellj	Anonymous Inner Class To Lambda Expression	Anonymous To Lambda Refactoring	Anonymous inner class	5	2	2	5	4	4
574	518	netbeans	Anonymous Inner Class To Lambda Expression	Anonymous To Lambda Refactoring	Anonymous inner class	2	2	2	5	4	4
579	468	intellj	Anonymous Inner Class To Lambda Expression	Anonymous To Lambda Refactoring	Anonymous inner class	4	4	3	1	5	4
579	497	netbeans	Anonymous Inner Class To Lambda Expression	Anonymous To Lambda Refactoring	Anonymous inner class	3	4	3	1	5	4
579	495	netbeans	Loop To map->forEachOrdered	ForLoop To Functional Refactoring	Map	1	4	3	1	5	4
579	517	netbeans	Loop To forEach	ForLoop To Functional Refactoring	ForEach	3	4	3	1	5	4
579	541	rjtl	Anonymous Inner Class To Lambda Expression	Anonymous To Lambda Refactoring	Anonymous inner class	5	4	3	1	5	4
583	502	netbeans	Loop To forEach	ForLoop To Functional Refactoring	ForEach	2	2	2	4	1	1
583	516	netbeans	Loop To forEach	ForLoop To Functional Refactoring	ForEach	2	2	2	4	1	1
583	511	netbeans	Loop To forEach	ForLoop To Functional Refactoring	ForEach	2	2	2	4	1	1
583	510	netbeans	Loop To forEach	ForLoop To Functional Refactoring	ForEach	1	2	2	4	1	1
583	492	netbeans	Loop To forEach	ForLoop To Functional Refactoring	ForEach	1	2	2	4	1	1
584	500	netbeans	Loop To forEach	ForLoop To Functional Refactoring	ForEach	1	1	1	3	1	2
584	502	netbeans	Loop To forEach	ForLoop To Functional Refactoring	ForEach	2	1	1	3	1	2
584	492	netbeans	Loop To forEach	ForLoop To Functional Refactoring	ForEach	3	1	1	3	1	2
584	504	netbeans	Loop To forEach	ForLoop To Functional Refactoring	ForEach	2	1	1	3	1	2
584	509	netbeans	Loop To forEach	ForLoop To Functional Refactoring	ForEach	1	1	1	3	1	2
585	509	netbeans	Loop To forEach	ForLoop To Functional Refactoring	ForEach	2	2	4	4	1	1
585	512	netbeans	Loop To forEach	ForLoop To Functional Refactoring	ForEach	2	2	4	4	1	1
585	501	netbeans	Loop To map->forEachOrdered	ForLoop To Functional Refactoring	Map	3	2	4	4	1	1
585	504	netbeans	Loop To forEach	ForLoop To Functional Refactoring	ForEach	2	2	4	4	1	1
585	503	netbeans	Loop To forEach	ForLoop To Functional Refactoring	ForEach	2	2	4	4	1	1
592	486	netbeans	Anonymous Inner Class To Lambda Expression	Anonymous To Lambda Refactoring	Anonymous inner class	2	2	4	4	3	2
592	529	rjtl	Loop To anyMatch	ForLoop To Functional Refactoring	AnyMatch	4	2	4	4	3	2
592	523	rjtl	Loop To anyMatch	ForLoop To Functional Refactoring	AnyMatch	2	2	4	4	3	2
592	549	rjtl	Loop To anyMatch	ForLoop To Functional Refactoring	AnyMatch	3	2	4	4	3	2
592	555	rjtl	Loop To anyMatch	ForLoop To Functional Refactoring	AnyMatch	4	2	4	4	3	2
602	524	rjtl	Loop To anyMatch	ForLoop To Functional Refactoring	AnyMatch	2	3	4	4	3	2
602	525	rjtl	Loop To anyMatch	ForLoop To Functional Refactoring	AnyMatch	2	3	4	4	3	2
602	545	rjtl	Loop To anyMatch	ForLoop To Functional Refactoring	AnyMatch	2	3	4	4	3	2
602	548	rjtl	Loop To anyMatch	ForLoop To Functional Refactoring	AnyMatch	2	3	4	4	3	2
602	552	rjtl	Loop To anyMatch	ForLoop To Functional Refactoring	AnyMatch	2	3	4	4	3	2
605	544	rjtl	Loop To anyMatch	ForLoop To Functional Refactoring	AnyMatch	2	4	4	2	4	2
605	545	rjtl	Loop To anyMatch	ForLoop To Functional Refactoring	AnyMatch	3	4	4	2	4	2
605	552	rjtl	Loop To anyMatch	ForLoop To Functional Refactoring	AnyMatch	2	4	4	2	4	2
605	546	rjtl	Loop To anyMatch	ForLoop To Functional Refactoring	AnyMatch	2	4	4	2	4	2
605	526	rjtl	Loop To anyMatch	ForLoop To Functional Refactoring	AnyMatch	4	4	4	2	4	2
606	488	netbeans	Loop To map->reduce	ForLoop To Functional Refactoring	Reduce	3	4	4	2	5	4
606	552	rjtl	Loop To anyMatch	ForLoop To Functional Refactoring	AnyMatch	4	4	4	2	5	4
606	546	rjtl	Loop To anyMatch	ForLoop To Functional Refactoring	AnyMatch	4	4	4	2	5	4
606	526	rjtl	Loop To anyMatch	ForLoop To Functional Refactoring	AnyMatch	4	4	4	2	5	4
606	544	rjtl	Loop To anyMatch	ForLoop To Functional Refactoring	AnyMatch	4	4	4	2	5	4
607	513	netbeans	Loop To map->reduce	ForLoop To Functional Refactoring	Reduce	3	4	2	4	3	5
607	519	netbeans	Loop To map->filter->forEachOrdered|forEach	ForLoop To Functional Refactoring	Chaining	2	4	2	4	3	5
607	488	netbeans	Loop To map->reduce	ForLoop To Functional Refactoring	Reduce	3	4	2	4	3	5
607	527	rjtl	Loop To filter->collect	ForLoop To Functional Refactoring	Filter	4	4	2	4	3	5
607	526	rjtl	Loop To anyMatch	ForLoop To Functional Refactoring	AnyMatch	2	4	2	4	3	5
610	483	intellj	Anonymous Inner Class To Lambda Expression	Anonymous To Lambda Refactoring	Anonymous inner class	3	4	5	1	5	4
610	465	intellj	Anonymous Inner Class To Lambda Expression	Anonymous To Lambda Refactoring	Anonymous inner class	3	4	5	1	5	4
610	542	rjtl	Anonymous Inner Class To Lambda Expression	Anonymous To Lambda Refactoring	Anonymous inner class	3	4	5	1	5	4
610	531	rjtl	Anonymous Inner Class To Lambda Expression	Anonymous To Lambda Refactoring	Anonymous inner class	3	4	5	1	5	4
610	538	rjtl	Anonymous Inner Class To Lambda Expression	Anonymous To Lambda Refactoring	Anonymous inner class	2	4	5	1	5	4
612	514	netbeans	Loop To filter->forEachOrdered	ForLoop To Functional Refactoring	Filter	3	3	4	3	2	4
613	499	netbeans	Loop To filter->map->forEachOrdered	ForLoop To Functional Refactoring	Chaining	1	2	2	5	2	2
615	493	netbeans	Loop To map->filter->forEachOrdered	ForLoop To Functional Refactoring	Chaining	2	2	3	4	3	4
620	494	netbeans	Anonymous Inner Class To Lambda Expression	Anonymous To Lambda Refactoring	Anonymous inner class	4	3	4	2	2	1
625	515	netbeans	Anonymous Inner Class To Lambda Expression	Anonymous To Lambda Refactoring	Anonymous inner class	5	5	5	1	5	5
625	533	rjtl	Anonymous Inner Class To Lambda Expression	Anonymous To Lambda Refactoring	Anonymous inner class	5	5	5	1	5	5
625	532	rjtl	Anonymous Inner Class To Lambda Expression	Anonymous To Lambda Refactoring	Anonymous inner class	5	5	5	1	5	5
625	553	rjtl	Anonymous Inner Class To Lambda Expression	Anonymous To Lambda Refactoring	Anonymous inner class	5	5	5	1	5	5
625	551	rjtl	Anonymous Inner Class To Lambda Expression	Anonymous To Lambda Refactoring	Anonymous inner class	5	5	5	1	5	5
633	480	intellj	Anonymous Inner Class To Lambda Expression	Anonymous To Lambda Refactoring	Anonymous inner class	4	5	4	2	5	4
634	483	intellj	Anonymous Inner Class To Lambda Expression	Anonymous To Lambda Refactoring	Anonymous inner class	5	5	5	2	5	4
635	507	netbeans	Anonymous Inner Class To Lambda Expression	Anonymous To Lambda Refactoring	Anonymous inner class	5	4	2	1	3	4
635	491	netbeans	Anonymous Inner Class To Lambda Expression	Anonymous To Lambda Refactoring	Anonymous inner class	4	4	2	1	3	4
635	498	netbeans	Anonymous Inner Class To Lambda Expression	Anonymous To Lambda Refactoring	Anonymous inner class	2	4	2	1	3	4
635	536	rjtl	Anonymous Inner Class To Lambda Expression	Anonymous To Lambda Refactoring	Anonymous inner class	2	4	2	1	3	4
638	543	rjtl	Anonymous Inner Class To Lambda Expression	Anonymous To Lambda Refactoring	Anonymous inner class	3	4	4	3	4	4
639	456	intellj	Anonymous Inner Class To Lambda Expression	Anonymous To Lambda Refactoring	Anonymous inner class	4	2	3	1	2	3
639	463	intellj	Anonymous Inner Class To Lambda Expression	Anonymous To Lambda Refactoring	Anonymous inner class	3	2	3	1	2	3
639	469	intellj	Anonymous Inner Class To Lambda Expression	Anonymous To Lambda Refactoring	Anonymous inner class	4	2	3	1	2	3
639	464	intellj	Anonymous Inner Class To Lambda Expression	Anonymous To Lambda Refactoring	Anonymous inner class	1	2	3	1	2	3
639	505	netbeans	Anonymous Inner Class To Lambda Expression	Anonymous To Lambda Refactoring	Anonymous inner class	4	2	3	1	2	3
641	463	intellj	Anonymous Inner Class To Lambda Expression	Anonymous To Lambda Refactoring	Anonymous inner class	1	1	3	4	2	2
642	484	intellj	Anonymous Inner Class To Lambda Expression	Anonymous To Lambda Refactoring	Anonymous inner class	4	2	4	4	3	3
642	457	intellj	Anonymous Inner Class To Lambda Expression	Anonymous To Lambda Refactoring	Anonymous inner class	2	2	4	4	3	3
642	459	intellj	Anonymous Inner Class To Lambda Expression	Anonymous To Lambda Refactoring	Anonymous inner class	2	2	4	4	3	3
642	521	netbeans	Anonymous Inner Class To Lambda Expression	Anonymous To Lambda Refactoring	Anonymous inner class	2	2	4	4	3	3
642	534	rjtl	Anonymous Inner Class To Lambda Expression	Anonymous To Lambda Refactoring	Anonymous inner class	2	2	4	4	3	3
644	482	intellj	Anonymous Inner Class To Lambda Expression	Anonymous To Lambda Refactoring	Anonymous inner class	3	4	4	4	3	2
644	464	intellj	Anonymous Inner Class To Lambda Expression	Anonymous To Lambda Refactoring	Anonymous inner class	4	4	4	4	3	2
644	469	intellj	Anonymous Inner Class To Lambda Expression	Anonymous To Lambda Refactoring	Anonymous inner class	2	4	4	4	3	2
644	506	netbeans	Anonymous Inner Class To Lambda Expression	Anonymous To Lambda Refactoring	Anonymous inner class	3	4	4	4	3	2
644	528	rjtl	Anonymous Inner Class To Lambda Expression	Anonymous To Lambda Refactoring	Anonymous inner class	4	4	4	4	3	2
645	537	rjtl	Anonymous Inner Class To Lambda Expression	Anonymous To Lambda Refactoring	Anonymous inner class	3	3	2	4	3	2
651	460	intellj	Anonymous Inner Class To Lambda Expression	Anonymous To Lambda Refactoring	Anonymous inner class	2	4	4	2	2	5
651	478	intellj	Anonymous Inner Class To Lambda Expression	Anonymous To Lambda Refactoring	Anonymous inner class	4	4	4	2	2	5
651	473	intellj	Anonymous Inner Class To Lambda Expression	Anonymous To Lambda Refactoring	Anonymous inner class	4	4	4	2	2	5
651	461	intellj	Anonymous Inner Class To Lambda Expression	Anonymous To Lambda Refactoring	Anonymous inner class	4	4	4	2	2	5
651	518	netbeans	Anonymous Inner Class To Lambda Expression	Anonymous To Lambda Refactoring	Anonymous inner class	4	4	4	2	2	5
657	478	intellj	Anonymous Inner Class To Lambda Expression	Anonymous To Lambda Refactoring	Anonymous inner class	3	4	3	5	3	4
657	475	intellj	Anonymous Inner Class To Lambda Expression	Anonymous To Lambda Refactoring	Anonymous inner class	4	4	3	5	3	4
657	472	intellj	Anonymous Inner Class To Lambda Expression	Anonymous To Lambda Refactoring	Anonymous inner class	2	4	3	5	3	4
657	458	intellj	Anonymous Inner Class To Lambda Expression	Anonymous To Lambda Refactoring	Anonymous inner class	3	4	3	5	3	4
657	487	netbeans	Anonymous Inner Class To Lambda Expression	Anonymous To Lambda Refactoring	Anonymous inner class	3	4	3	5	3	4
659	478	intellj	Anonymous Inner Class To Lambda Expression	Anonymous To Lambda Refactoring	Anonymous inner class	4	4	2	5	3	3
661	475	intellj	Anonymous Inner Class To Lambda Expression	Anonymous To Lambda Refactoring	Anonymous inner class	4	4	4	2	5	3
662	462	intellj	Anonymous Inner Class To Lambda Expression	Anonymous To Lambda Refactoring	Anonymous inner class	4	3	4	4	3	5
662	476	intellj	Anonymous Inner Class To Lambda Expression	Anonymous To Lambda Refactoring	Anonymous inner class	4	3	4	4	3	5
662	477	intellj	Anonymous Inner Class To Lambda Expression	Anonymous To Lambda Refactoring	Anonymous inner class	4	3	4	4	3	5
662	466	intellj	Anonymous Inner Class To Lambda Expression	Anonymous To Lambda Refactoring	Anonymous inner class	4	3	4	4	3	5
662	508	netbeans	Anonymous Inner Class To Lambda Expression	Anonymous To Lambda Refactoring	Anonymous inner class	4	3	4	4	3	5
664	507	netbeans	Anonymous Inner Class To Lambda Expression	Anonymous To Lambda Refactoring	Anonymous inner class	2	4	4	2	5	2
664	534	rjtl	Anonymous Inner Class To Lambda Expression	Anonymous To Lambda Refactoring	Anonymous inner class	4	4	4	2	5	2
664	554	rjtl	Anonymous Inner Class To Lambda Expression	Anonymous To Lambda Refactoring	Anonymous inner class	2	4	4	2	5	2
664	536	rjtl	Anonymous Inner Class To Lambda Expression	Anonymous To Lambda Refactoring	Anonymous inner class	4	4	4	2	5	2
664	535	rjtl	Anonymous Inner Class To Lambda Expression	Anonymous To Lambda Refactoring	Anonymous inner class	2	4	4	2	5	2
666	470	intellj	Anonymous Inner Class To Lambda Expression	Anonymous To Lambda Refactoring	Anonymous inner class	3	4	5	2	3	3
667	481	intellj	Anonymous Inner Class To Lambda Expression	Anonymous To Lambda Refactoring	Anonymous inner class	2	2	4	2	1	1
674	474	intellj	Anonymous Inner Class To Lambda Expression	Anonymous To Lambda Refactoring	Anonymous inner class	5	5	4	2	5	2
674	497	netbeans	Anonymous Inner Class To Lambda Expression	Anonymous To Lambda Refactoring	Anonymous inner class	2	5	4	2	5	2
674	520	netbeans	Anonymous Inner Class To Lambda Expression	Anonymous To Lambda Refactoring	Anonymous inner class	3	5	4	2	5	2
674	530	rjtl	Anonymous Inner Class To Lambda Expression	Anonymous To Lambda Refactoring	Anonymous inner class	4	5	4	2	5	2
674	522	rjtl	Anonymous Inner Class To Lambda Expression	Anonymous To Lambda Refactoring	Anonymous inner class	4	5	4	2	5	2
675	495	netbeans	Loop To map->forEachOrdered	ForLoop To Functional Refactoring	Map	2	2	3	4	2	5
675	517	netbeans	Loop To forEach	ForLoop To Functional Refactoring	ForEach	4	2	3	4	2	5
675	516	netbeans	Loop To forEach	ForLoop To Functional Refactoring	ForEach	3	2	3	4	2	5
675	511	netbeans	Loop To forEach	ForLoop To Functional Refactoring	ForEach	4	2	3	4	2	5
675	510	netbeans	Loop To forEach	ForLoop To Functional Refactoring	ForEach	3	2	3	4	2	5
683	512	netbeans	Loop To forEach	ForLoop To Functional Refactoring	ForEach	4	4	4	3	3	3
683	501	netbeans	Loop To map->forEachOrdered	ForLoop To Functional Refactoring	Map	3	4	4	3	3	3
683	503	netbeans	Loop To forEach	ForLoop To Functional Refactoring	ForEach	4	4	4	3	3	3
683	500	netbeans	Loop To forEach	ForLoop To Functional Refactoring	ForEach	3	4	4	3	3	3
683	486	netbeans	Anonymous Inner Class To Lambda Expression	Anonymous To Lambda Refactoring	Anonymous inner class	5	4	4	3	3	3
685	529	rjtl	Loop To anyMatch	ForLoop To Functional Refactoring	AnyMatch	5	5	5	5	4	5
686	523	rjtl	Loop To anyMatch	ForLoop To Functional Refactoring	AnyMatch	1	1	1	5	1	1
688	549	rjtl	Loop To anyMatch	ForLoop To Functional Refactoring	AnyMatch	4	4	4	3	4	4
688	555	rjtl	Loop To anyMatch	ForLoop To Functional Refactoring	AnyMatch	4	4	4	3	4	4
688	524	rjtl	Loop To anyMatch	ForLoop To Functional Refactoring	AnyMatch	4	4	4	3	4	4
688	525	rjtl	Loop To anyMatch	ForLoop To Functional Refactoring	AnyMatch	4	4	4	3	4	4
688	548	rjtl	Loop To anyMatch	ForLoop To Functional Refactoring	AnyMatch	4	4	4	3	4	4
689	513	netbeans	Loop To map->reduce	ForLoop To Functional Refactoring	Reduce	3	3	4	4	4	5
689	496	netbeans	Loop To filter->map->forEachOrdered	ForLoop To Functional Refactoring	Chaining	2	3	4	4	4	5
689	519	netbeans	Loop To map->filter->forEachOrdered|forEach	ForLoop To Functional Refactoring	Chaining	2	3	4	4	4	5
689	547	rjtl	Loop To filter->collect	ForLoop To Functional Refactoring	Filter	4	3	4	4	4	5
689	527	rjtl	Loop To filter->collect	ForLoop To Functional Refactoring	Filter	4	3	4	4	4	5
692	543	rjtl	Anonymous Inner Class To Lambda Expression	Anonymous To Lambda Refactoring	Anonymous inner class	4	5	5	1	3	4
694	514	netbeans	Loop To filter->forEachOrdered	ForLoop To Functional Refactoring	Filter	3	2	2	4	3	4
694	489	netbeans	Loop To forEach->filter->forEachOrdered	ForLoop To Functional Refactoring	Chaining	3	2	2	4	3	4
694	499	netbeans	Loop To filter->map->forEachOrdered	ForLoop To Functional Refactoring	Chaining	1	2	2	4	3	4
694	493	netbeans	Loop To map->filter->forEachOrdered	ForLoop To Functional Refactoring	Chaining	3	2	2	4	3	4
694	494	netbeans	Anonymous Inner Class To Lambda Expression	Anonymous To Lambda Refactoring	Anonymous inner class	2	2	2	4	3	4
700	489	netbeans	Loop To forEach->filter->forEachOrdered	ForLoop To Functional Refactoring	Chaining	3	1	2	5	1	1
700	499	netbeans	Loop To filter->map->forEachOrdered	ForLoop To Functional Refactoring	Chaining	1	1	2	5	1	1
700	493	netbeans	Loop To map->filter->forEachOrdered	ForLoop To Functional Refactoring	Chaining	2	1	2	5	1	1
700	494	netbeans	Anonymous Inner Class To Lambda Expression	Anonymous To Lambda Refactoring	Anonymous inner class	4	1	2	5	1	1
700	490	netbeans	Loop To map->filter->forEachOrdered	ForLoop To Functional Refactoring	Chaining	2	1	2	5	1	1
701	467	intellj	Anonymous Inner Class To Lambda Expression	Anonymous To Lambda Refactoring	Anonymous inner class	4	4	4	2	2	5
701	490	netbeans	Loop To map->filter->forEachOrdered	ForLoop To Functional Refactoring	Chaining	4	4	4	2	2	5
701	515	netbeans	Anonymous Inner Class To Lambda Expression	Anonymous To Lambda Refactoring	Anonymous inner class	4	4	4	2	2	5
701	551	rjtl	Anonymous Inner Class To Lambda Expression	Anonymous To Lambda Refactoring	Anonymous inner class	4	4	4	2	2	5
701	550	rjtl	Anonymous Inner Class To Lambda Expression	Anonymous To Lambda Refactoring	Anonymous inner class	4	4	4	2	2	5
702	538	rjtl	Anonymous Inner Class To Lambda Expression	Anonymous To Lambda Refactoring	Anonymous inner class	5	5	5	1	5	5
702	533	rjtl	Anonymous Inner Class To Lambda Expression	Anonymous To Lambda Refactoring	Anonymous inner class	5	5	5	1	5	5
702	532	rjtl	Anonymous Inner Class To Lambda Expression	Anonymous To Lambda Refactoring	Anonymous inner class	5	5	5	1	5	5
702	553	rjtl	Anonymous Inner Class To Lambda Expression	Anonymous To Lambda Refactoring	Anonymous inner class	5	5	5	1	5	5
702	539	rjtl	Anonymous Inner Class To Lambda Expression	Anonymous To Lambda Refactoring	Anonymous inner class	5	5	5	1	5	5
706	465	intellj	Anonymous Inner Class To Lambda Expression	Anonymous To Lambda Refactoring	Anonymous inner class	3	5	5	3	5	5
706	491	netbeans	Anonymous Inner Class To Lambda Expression	Anonymous To Lambda Refactoring	Anonymous inner class	4	5	5	3	5	5
706	498	netbeans	Anonymous Inner Class To Lambda Expression	Anonymous To Lambda Refactoring	Anonymous inner class	5	5	5	3	5	5
706	531	rjtl	Anonymous Inner Class To Lambda Expression	Anonymous To Lambda Refactoring	Anonymous inner class	4	5	5	3	5	5
706	542	rjtl	Anonymous Inner Class To Lambda Expression	Anonymous To Lambda Refactoring	Anonymous inner class	3	5	5	3	5	5
716	484	intellj	Anonymous Inner Class To Lambda Expression	Anonymous To Lambda Refactoring	Anonymous inner class	4	4	4	1	4	5
716	457	intellj	Anonymous Inner Class To Lambda Expression	Anonymous To Lambda Refactoring	Anonymous inner class	3	4	4	1	4	5
716	459	intellj	Anonymous Inner Class To Lambda Expression	Anonymous To Lambda Refactoring	Anonymous inner class	3	4	4	1	4	5
716	485	intellj	Anonymous Inner Class To Lambda Expression	Anonymous To Lambda Refactoring	Anonymous inner class	4	4	4	1	4	5
716	521	netbeans	Anonymous Inner Class To Lambda Expression	Anonymous To Lambda Refactoring	Anonymous inner class	5	4	4	1	4	5
717	480	intellj	Anonymous Inner Class To Lambda Expression	Anonymous To Lambda Refactoring	Anonymous inner class	5	4	4	3	3	3
717	482	intellj	Anonymous Inner Class To Lambda Expression	Anonymous To Lambda Refactoring	Anonymous inner class	4	4	4	3	3	3
717	473	intellj	Anonymous Inner Class To Lambda Expression	Anonymous To Lambda Refactoring	Anonymous inner class	4	4	4	3	3	3
717	456	intellj	Anonymous Inner Class To Lambda Expression	Anonymous To Lambda Refactoring	Anonymous inner class	4	4	4	3	3	3
717	537	rjtl	Anonymous Inner Class To Lambda Expression	Anonymous To Lambda Refactoring	Anonymous inner class	5	4	4	3	3	3
718	456	intellj	Anonymous Inner Class To Lambda Expression	Anonymous To Lambda Refactoring	Anonymous inner class	4	2	2	4	3	4
718	457	intellj	Anonymous Inner Class To Lambda Expression	Anonymous To Lambda Refactoring	Anonymous inner class	2	2	2	4	3	4
718	506	netbeans	Anonymous Inner Class To Lambda Expression	Anonymous To Lambda Refactoring	Anonymous inner class	5	2	2	4	3	4
718	505	netbeans	Anonymous Inner Class To Lambda Expression	Anonymous To Lambda Refactoring	Anonymous inner class	4	2	2	4	3	4
718	528	rjtl	Anonymous Inner Class To Lambda Expression	Anonymous To Lambda Refactoring	Anonymous inner class	2	2	2	4	3	4
724	471	intellj	Anonymous Inner Class To Lambda Expression	Anonymous To Lambda Refactoring	Anonymous inner class	5	5	5	3	4	4
732	460	intellj	Anonymous Inner Class To Lambda Expression	Anonymous To Lambda Refactoring	Anonymous inner class	4	4	4	4	4	4
732	476	intellj	Anonymous Inner Class To Lambda Expression	Anonymous To Lambda Refactoring	Anonymous inner class	4	4	4	4	4	4
732	477	intellj	Anonymous Inner Class To Lambda Expression	Anonymous To Lambda Refactoring	Anonymous inner class	5	4	4	4	4	4
732	518	netbeans	Anonymous Inner Class To Lambda Expression	Anonymous To Lambda Refactoring	Anonymous inner class	5	4	4	4	4	4
732	540	rjtl	Anonymous Inner Class To Lambda Expression	Anonymous To Lambda Refactoring	Anonymous inner class	4	4	4	4	4	4
739	479	intellj	Anonymous Inner Class To Lambda Expression	Anonymous To Lambda Refactoring	Anonymous inner class	3	5	5	2	3	3
739	472	intellj	Anonymous Inner Class To Lambda Expression	Anonymous To Lambda Refactoring	Anonymous inner class	4	5	5	2	3	3
739	458	intellj	Anonymous Inner Class To Lambda Expression	Anonymous To Lambda Refactoring	Anonymous inner class	4	5	5	2	3	3
739	466	intellj	Anonymous Inner Class To Lambda Expression	Anonymous To Lambda Refactoring	Anonymous inner class	4	5	5	2	3	3
739	487	netbeans	Anonymous Inner Class To Lambda Expression	Anonymous To Lambda Refactoring	Anonymous inner class	5	5	5	2	3	3
749	462	intellj	Anonymous Inner Class To Lambda Expression	Anonymous To Lambda Refactoring	Anonymous inner class	4	4	3	2	3	3
749	508	netbeans	Anonymous Inner Class To Lambda Expression	Anonymous To Lambda Refactoring	Anonymous inner class	4	4	3	2	3	3
773	461	intellj	Anonymous Inner Class To Lambda Expression	Anonymous To Lambda Refactoring	Anonymous inner class	5	5	5	1	5	1
773	470	intellj	Anonymous Inner Class To Lambda Expression	Anonymous To Lambda Refactoring	Anonymous inner class	5	5	5	1	5	1
773	481	intellj	Anonymous Inner Class To Lambda Expression	Anonymous To Lambda Refactoring	Anonymous inner class	5	5	5	1	5	1
773	474	intellj	Anonymous Inner Class To Lambda Expression	Anonymous To Lambda Refactoring	Anonymous inner class	5	5	5	1	5	1
773	522	rjtl	Anonymous Inner Class To Lambda Expression	Anonymous To Lambda Refactoring	Anonymous inner class	5	5	5	1	5	1
776	495	netbeans	Loop To map->forEachOrdered	ForLoop To Functional Refactoring	Map	2	4	4	4	5	3
776	517	netbeans	Loop To forEach	ForLoop To Functional Refactoring	ForEach	3	4	4	4	5	3
776	502	netbeans	Loop To forEach	ForLoop To Functional Refactoring	ForEach	3	4	4	4	5	3
776	497	netbeans	Anonymous Inner Class To Lambda Expression	Anonymous To Lambda Refactoring	Anonymous inner class	3	4	4	4	5	3
776	530	rjtl	Anonymous Inner Class To Lambda Expression	Anonymous To Lambda Refactoring	Anonymous inner class	4	4	4	4	5	3
785	516	netbeans	Loop To forEach	ForLoop To Functional Refactoring	ForEach	3	5	1	1	3	5
800	504	netbeans	Loop To forEach	ForLoop To Functional Refactoring	ForEach	3	2	1	2	1	3
803	459	intellj	Anonymous Inner Class To Lambda Expression	Anonymous To Lambda Refactoring	Anonymous inner class	5	4	5	2	5	4
803	485	intellj	Anonymous Inner Class To Lambda Expression	Anonymous To Lambda Refactoring	Anonymous inner class	3	4	5	2	5	4
803	484	intellj	Anonymous Inner Class To Lambda Expression	Anonymous To Lambda Refactoring	Anonymous inner class	4	4	5	2	5	4
803	505	netbeans	Anonymous Inner Class To Lambda Expression	Anonymous To Lambda Refactoring	Anonymous inner class	3	4	5	2	5	4
803	521	netbeans	Anonymous Inner Class To Lambda Expression	Anonymous To Lambda Refactoring	Anonymous inner class	3	4	5	2	5	4
805	503	netbeans	Loop To forEach	ForLoop To Functional Refactoring	ForEach	2	2	1	3	1	2
805	509	netbeans	Loop To forEach	ForLoop To Functional Refactoring	ForEach	2	2	1	3	1	2
805	500	netbeans	Loop To forEach	ForLoop To Functional Refactoring	ForEach	2	2	1	3	1	2
805	486	netbeans	Anonymous Inner Class To Lambda Expression	Anonymous To Lambda Refactoring	Anonymous inner class	5	2	1	3	1	2
805	529	rjtl	Loop To anyMatch	ForLoop To Functional Refactoring	AnyMatch	2	2	1	3	1	2
807	523	rjtl	Loop To anyMatch	ForLoop To Functional Refactoring	AnyMatch	4	2	4	4	2	5
825	549	rjtl	Loop To anyMatch	ForLoop To Functional Refactoring	AnyMatch	4	5	4	4	3	5
825	555	rjtl	Loop To anyMatch	ForLoop To Functional Refactoring	AnyMatch	2	5	4	4	3	5
825	524	rjtl	Loop To anyMatch	ForLoop To Functional Refactoring	AnyMatch	2	5	4	4	3	5
825	525	rjtl	Loop To anyMatch	ForLoop To Functional Refactoring	AnyMatch	3	5	4	4	3	5
825	545	rjtl	Loop To anyMatch	ForLoop To Functional Refactoring	AnyMatch	4	5	4	4	3	5
826	548	rjtl	Loop To anyMatch	ForLoop To Functional Refactoring	AnyMatch	3	2	2	5	2	3
831	496	netbeans	Loop To filter->map->forEachOrdered	ForLoop To Functional Refactoring	Chaining	2	4	4	5	3	3
831	519	netbeans	Loop To map->filter->forEachOrdered|forEach	ForLoop To Functional Refactoring	Chaining	2	4	4	5	3	3
831	514	netbeans	Loop To filter->forEachOrdered	ForLoop To Functional Refactoring	Filter	2	4	4	5	3	3
831	490	netbeans	Loop To map->filter->forEachOrdered	ForLoop To Functional Refactoring	Chaining	3	4	4	5	3	3
831	527	rjtl	Loop To filter->collect	ForLoop To Functional Refactoring	Filter	3	4	4	5	3	3
835	515	netbeans	Anonymous Inner Class To Lambda Expression	Anonymous To Lambda Refactoring	Anonymous inner class	3	5	5	3	5	4
835	551	rjtl	Anonymous Inner Class To Lambda Expression	Anonymous To Lambda Refactoring	Anonymous inner class	5	5	5	3	5	4
835	550	rjtl	Anonymous Inner Class To Lambda Expression	Anonymous To Lambda Refactoring	Anonymous inner class	4	5	5	3	5	4
841	467	intellj	Anonymous Inner Class To Lambda Expression	Anonymous To Lambda Refactoring	Anonymous inner class	5	5	5	2	4	5
841	553	rjtl	Anonymous Inner Class To Lambda Expression	Anonymous To Lambda Refactoring	Anonymous inner class	3	5	5	2	4	5
841	539	rjtl	Anonymous Inner Class To Lambda Expression	Anonymous To Lambda Refactoring	Anonymous inner class	5	5	5	2	4	5
859	532	rjtl	Anonymous Inner Class To Lambda Expression	Anonymous To Lambda Refactoring	Anonymous inner class	2	2	5	2	5	5
863	465	intellj	Anonymous Inner Class To Lambda Expression	Anonymous To Lambda Refactoring	Anonymous inner class	3	4	4	2	4	3
863	483	intellj	Anonymous Inner Class To Lambda Expression	Anonymous To Lambda Refactoring	Anonymous inner class	3	4	4	2	4	3
863	538	rjtl	Anonymous Inner Class To Lambda Expression	Anonymous To Lambda Refactoring	Anonymous inner class	3	4	4	2	4	3
863	533	rjtl	Anonymous Inner Class To Lambda Expression	Anonymous To Lambda Refactoring	Anonymous inner class	4	4	4	2	4	3
863	531	rjtl	Anonymous Inner Class To Lambda Expression	Anonymous To Lambda Refactoring	Anonymous inner class	4	4	4	2	4	3
865	507	netbeans	Anonymous Inner Class To Lambda Expression	Anonymous To Lambda Refactoring	Anonymous inner class	5	5	5	1	5	5
865	491	netbeans	Anonymous Inner Class To Lambda Expression	Anonymous To Lambda Refactoring	Anonymous inner class	5	5	5	1	5	5
865	498	netbeans	Anonymous Inner Class To Lambda Expression	Anonymous To Lambda Refactoring	Anonymous inner class	5	5	5	1	5	5
865	535	rjtl	Anonymous Inner Class To Lambda Expression	Anonymous To Lambda Refactoring	Anonymous inner class	5	5	5	1	5	5
865	542	rjtl	Anonymous Inner Class To Lambda Expression	Anonymous To Lambda Refactoring	Anonymous inner class	5	5	5	1	5	5
886	463	intellj	Anonymous Inner Class To Lambda Expression	Anonymous To Lambda Refactoring	Anonymous inner class	5	2	3	4	2	4
886	543	rjtl	Anonymous Inner Class To Lambda Expression	Anonymous To Lambda Refactoring	Anonymous inner class	4	2	3	4	2	4
886	554	rjtl	Anonymous Inner Class To Lambda Expression	Anonymous To Lambda Refactoring	Anonymous inner class	4	2	3	4	2	4
886	536	rjtl	Anonymous Inner Class To Lambda Expression	Anonymous To Lambda Refactoring	Anonymous inner class	2	2	3	4	2	4
886	534	rjtl	Anonymous Inner Class To Lambda Expression	Anonymous To Lambda Refactoring	Anonymous inner class	4	2	3	4	2	4
943	482	intellj	Anonymous Inner Class To Lambda Expression	Anonymous To Lambda Refactoring	Anonymous inner class	3	4	4	2	4	5
943	469	intellj	Anonymous Inner Class To Lambda Expression	Anonymous To Lambda Refactoring	Anonymous inner class	2	4	4	2	4	5
943	464	intellj	Anonymous Inner Class To Lambda Expression	Anonymous To Lambda Refactoring	Anonymous inner class	3	4	4	2	4	5
943	506	netbeans	Anonymous Inner Class To Lambda Expression	Anonymous To Lambda Refactoring	Anonymous inner class	4	4	4	2	4	5
943	528	rjtl	Anonymous Inner Class To Lambda Expression	Anonymous To Lambda Refactoring	Anonymous inner class	2	4	4	2	4	5
