ID	Answers	Open Coding	Polarity	Subcategories	Categories
154	Yes, I prefer the succint code.				
420	Eu uso lambda sempre que é possível para tornar o código menor e já estou habituado. A IDE que estou usando com mais frequencia (Netbeans) até oferece dicas para transformar um código sem lambda em um com.				
427	Sim, pois é menor.				
434	Sim, pois é menor.				
441	Sim, pois é menor.				
448	Sim, pois é menor.				
497	No, I consider the gain in this case to be marginal.				
504	There is no gain				
511	I consider both versions to be similar				
518	I consider both versions similar				
525	Gain is marginal				
532	I would, but I doubt it'd have much of an impact. My main reason to do so would be to reinforce the habit of using lambda expressions.				
539	Obfuscating the types of the variables used makes the code easier to change, but at the same time may make it harder to debug. I would still perform the transformation though				
546	Because the variables in use mainly make use of the JCF, obfuscating data types is less of an issue and makes the code a good deal easier to read. I would gladly perform this transformation				
553	There's little reason to perform such a small transformation apart from building a habit of using such expressions in the code. As such, I might still perform it, but more with the possibility of further changes down the line				
595	Yes, the new code is cleaner and easier to understand.				
602	Yes, although both ways are easy to understand, we can combine multiple streams for more complex examples.				
637	'foreach' is prescribed as using `Iterable` whereas the Stream is constructed with a collection-specific `Spliterator`. This has the potential for much better performance characteristics (though we likely won't realise those benefits until Project Valhalla delivers inline-types to Java (and they are leveraged in the Stream internals).				
644	If there were anticipated performance implications no. 'foreach' uses very efficient iteration here (including potentially eliminating most bounds checks). Streams are, by comparison, much more expensive.  It's possible that Project Valhalla reduces this to a negligible level via inlining (some inlining will already occur, though most of the methods will be polymorphic or megamorphic)				
651	"This is not meaningfully different...

Note that the correct form of wrapping an array in a Stream would be... Arrays.stream(typeArray)...

Arrays don't offer a stream method (though they could with a JLS translation to Arrays.stream(...) - certainly it is not a feature of Java 14 (currently in Release Candidate stage)."				
658	Again, another non-novel example....				
665	"Again... there's nothing novel in this example... more of the same (we know 'wikiFactories' implements Iterable  or is an array, since we don't know which here, it's hard to comment)
"				
714	I believe, in this example, the transformation is a small part of the method and it does not influence positively or negatively at all the legibility of the method.				
721	The formatting of the new code is dreadful, and makes the code harder to understand than the original.				
728	Again, the specific example is badly laid out and hard to read				
735	It's a bad example ... although I use lambdas a lot, I would never use them in exactly this way				
742	.map is the wrong primitive operation in this case				
749	"The example is unreadable on this laptop screen.

There are better ways to write this code, such as Method Handles"				
756	I think lambda is not necessary. Maybe it ca be faster, but depending on the need of the code, the traditional code is better to write.				
791	If code is common and unlikely to require debugging, then its good for brevity.  Otherwise no.				
833	If it appears repeatedly in the same piece of code, the overall gain could get significant.				
847	I would if it was reliably and, most importantly, correctly automated.				
854	Boilerplate is reduced. With tools like intellij dubugging is as easy as with an anonymous inner class				
980	Direct and shorter				
987	Maybe not a complex return on one line				
994	yes, clear by contex				
1001	yes, perfect case for lambda, short, clear				
1008	yes, pefect for lambda				
1050	Yes, absolutely, clearer intent, more expressive, easier to read and comprehend.				
1064	"I would often instead use the method reference syntax ""test::runBare""."				
1071	"I don't think you need to specify (File file), do you? You could just say ""file"" and let the type get inferred? Unless CollectionUtils.select is overloaded and takes multiple different functional types. My IDE would tell me."				
1078	"This is still pretty hard to read and understand on account of a) the hard cast of the lambda to Callable<Object>, which seems weird - is this necessary? Isn't it at least a Callable<T>? b) Why a ""checkThat"" method is calling ""checkSucceeds"" which seems a little like jumping to a conclusion."				
1274	This should be a member reference				
1288	"It is important to leave working legacy code as-is.  If there is a bug that needs to be fixed, then syntactic sugar might be justifiable. Changing tested, working ""legacy"" code to use a new language feature is a bad idea because any change can potentially introduce unintended side effects, breaking the code. I would personally reject any commit where the only change is ""more readable""."				
1295	I think that this survey needs to include a reason for making the transformation. New code - Sure, use the latest language features. It's easier to write clean, bug-free code this way. Legacy code that works - Leave it alone if it works.				
1302	"Again, ""How often would you perform this transformation?"" is a context-sensitive question.  New code? Yes.  Legacy code that is working, or needs a bugfix? No. Only make exactly the minimum change necessary to fix the bug."				
1316	This code has problems.				
1330	No. The benefit isn't big enough to perform the transformation.				
1372	Yes.  The new code is more elegant and turns much more clear the intention of find some occurrence where the condition is true.				
1379	Yes.				
1386	Yes				
1393	Yes				
1400	Yes				
1442	"I love functional programming, I love lambda expressions
You have done many little mistakes
I have made my version with comments
Also a version made by IDEA which does a great job of generating lambda code. It is open source.
I hope it helps
https://gist.github.com/theqp/67528a7b9d2d3490a595e822775b47cd"				
1449	"Comprehension is strongly tied to familiarity.  Expect resistance until/unless people do and use lambdas more.
The given transformation is incomplete and inadequate:
The first lambda, which does validation, is pointless, redundant, and misleading. The validation should be done at the start of the second lambda.
Populating external collections from within stream operations is a perversion. The stream should produce the Set, not populate it as a side-effect."				
1456	"Again; does not go far enough:  I think we need to stream the annotations, join each with what class(es!?!) each is incompatible with, and collect a stream of errors from that.

What? This code does not report which annotations are in error? It only reports what you're incompatible with? How could that make any sense? We need to question the business requirements on this one."				
1463	"The ""manager"" assignment statement needs to be moved up one line.  And then the variable can be used in the ""if"" statement.

It bothers me that we're only going half way.  The other loop needs to be changed to.  Otherwise, we're inconsistent.  (Well, yes, I guess refactorings have to be done step by step.  So We should assume that there would be an additional lambda refactoring.)"				
1470	https://gist.github.com/theqp/67528a7b9d2d3490a595e822775b47cd				
1477	In this case, I favor the procedural code, because we are not transforming data.  We are taking data, and doing something with each piece of data.  This works well as looping and conditional logic.  Doing it with streams seems forced.  I don't see the benefit.				
1484	https://gist.github.com/theqp/67528a7b9d2d3490a595e822775b47cd				
1491	As before, streams should produce collections as results, not populate them as side-effects.  If we fixed that, and broke to a new line before each transformation or filter, then I think it would be OK.				
1498	https://gist.github.com/theqp/67528a7b9d2d3490a595e822775b47cd				
1505	https://gist.github.com/theqp/67528a7b9d2d3490a595e822775b47cd				
1519	Yes, I would because nowadays languages have improved their syntax to provide a better and easy code to developers make their softwares, Java 8 introduced Lambda, where you can write less code and do more.				
1652	Yes can perform this tranamsformations				
1750	Easier to read, usually lambda also makes the code cleaner and compact				
1862	"Yes. 
I am programming with JS language using es6 for a while , so I am very familiar with this kind of expressions ."				
1939	Yes, code readability was a factor				
1946	Yes, code readability was a factor				
2044	"Yes because the Reading of the function os better and for me is better to do a lambda expression than a ""normal"" forma"				
2100	"I would always perform this transformation, but longer lines imply in less readable code and occasionally hard to debug codes due the difficulty of setting breakpoints in the expected instruction.

I would always perform this transformation, but I would use line breaks and filters to make the code more readable.
Eg:
```
methods.stream()
   .filter(method -> method.getAnnotation(annotation) == null)
    .anyMatch(method -> isMethodOverride(...))
```

Keeping in mind that Reflections are pretty slow, the use of the ``filter`` could also improve the performance, depending of the implementation of ``isMethodOverride``."				
2107	"I would use Method Reference at anyMatch.

.anyMatch(ReportClass::hasError)"				
2114	This is the exact same case of the previous question, I keep the same opinion as described previously				
2191	"No.
There is no evidence of gain in terms of performance, simplicity or becomes code clear."				
2205	Maybe.				
2275	To generate more classfiles if paid for :)				
2324	In case of simple transformation, the code readability has improved and it's looks more clean. There isnt performance benefits but the code isn't cluttered.				
2359	I would not rewrite legacy code to introduce a lambda expression in this way, unless the inner code itself would have to be rewritten.				
2387	Yes, there is a lot of overhead when creating and instantiating a new inner class for just calling one method. The code is more readable and comprehensible when using lambda expressions in this case.				
2394	I would not rewrite legacy code to introduce a lambda expression in this way, unless the inner code itself would have to be rewritten.				
2401	I would refactor this code, but by creating a separate method which returns the Method (that code is duplicated in the current method getMethod). It would then make sense to use a lambda expression to call that new method.				
2443	I would not rewrite legacy code to introduce a lambda expression in this way, unless the inner code itself would have to be rewritten.				
2471	I tend to avoid try-catch in lambda expressions. I don't think it's bad to do so, but I personally don't do it, even if it means using an anonymous inner class.				
2478	The lambda in the example is too wordy. `o -> o.getResolverName() != null` is equivalent and reads much better.				
2534	This exemple is quite trivial. But in more complex cases, lambda expression become quickly hard to read and debug. I am probably an old timer, bu I think that readability reamains the first quality of code.				
2576	I hate Junit in the first place.				
2604	To avoid IDE warning.				
2709	"I would never perform this transformation. The for loop makes it clear an explicit that we are iterating over the elements in the collection - it is a fundamental part of the language that we all understand.

The lambda expression does not. Now, in this case, everyone knows that forEach will apply the lamda to each element in the collection, because it is properly named and well-documented. But what if it were not? What if the method was called ""apply"" or ""runLambda"" and had no or poor JavaDocs? Then we'd have to dive into the code or run some experiments to figure out what is going on."				
2716	This is literally the exact same example as the previous page.				
2723	I would not perform this transformation, and I am not seeing any substantive difference between any of these examples.				
2737	I would not. List.forEach makes sense only for calling a function or single statement lambda.				
2744	"None of the examples you gave are the proper use of lambdas.

Obviously Java has no first-class functions, so we all developed various ""function objects"" and other hideous approximations to first-class functions. Lambdas should replace those usages, because those usages are fundamentally hacks designed to overcome a deficiency in the language.

On the other hand, iteration over collections is already supported extremely well by the language: For, while, do and for-each/iterable loops are perfectly servicable - there has never been a need to hack around iteration."				
2751	No, it does not improve readability or clarity. It does make debugging more difficult though.				
2758	The code example lacked the context to understand what it was doing. Thus I can not evaluate it properly.				
2765	I’m fairly sure that there is a better way to do that using stream.				
2772	No, the transformation does not improve readability, but makes debugging more difficult.				
2786	There’s a better way to fo it.				
2800	I wouldn’t. Should use stream().map				
2807	I wouldn’t. Should use stream().map				
2814	No. No benefits in performance. Who cares about a program that works? auto refactoring makes sense for more performance. If you want readability, comment the code and stay with more performant version.				
3003	No. The transform doesn't make the code any more readable or maintainable.				
3017	Yes, because lambda expressions are useful and easier to read.				
3052	"From my experience, for most programmers, understanding a lambda expression is as simple as an anonymous class.

This advantages, in addition to the simplicity and compact size of lambdas makes the code easier to read."				
3094	I wold do it because it's easier to write and the code get's cleaner.				
3101	Code is cleaner and doesn't need to give name to unimportant methods.				
3108	In fact, i didn't see clear in the older code that the programmer instantiated a method inside other.				
3171	No. I would refactor this straight to: invokeLater(this::updateStatusInfo)   with a static import to SwingUtils.invokeLater. This is the most concise way to express the intent and also the most common way i see it done. Using the bracket syntax suggests that updateStatusInfo() can not be called without some extra steps (e.g. it requires parameters) and this will demand the reader to re-check what exactly is invoked.				
3178	Yes, in a hurry, but with a minute more time i'd extract the filter into its own function. However, the suggested refactoring is in itself valuable because it does bring out the important part more. If an automated tool did this to a whole codebase, it would make debugging easier, especially for junior developers.				
3185	I wouldn't bother. Compared to how much unclarity there is in that constructor, this particular refactoring offers very little value.				
3192	No. Compared to the rest of the function body, that little boilerplate doesn't really slow down the reader. If i wasn't able to first make the upper part straightforward to read, i'd probably avoid touching this method altogether, in order to not leave a mark in version control. If an automated tool had left the same mark, that wouldn't matter.				
3199	Would do it when touching code location, especially since it avoids worrying about non-static inner classes lifetime.				
3206	Should use a Predicate interface instead.				
3213	I doubt that the inclined codeblock is/stays short in this case, so it probably should suggest to move it to a method reference.				
3234	"Absolutely, but only while renaming that property to something better. Now it seems that the question the predicate answers, can i xmlize,  is different from what the name suggests; do i xmlize? It looks like a filter condition, so that ""do i"" will be later posited by the filtering itself (e.g. you call filter() on a stream of input pages). Here an automated tool could probably see that property name matches its type name and look for any alternative, such as the method name or perhaps even do a little analysis on the body itself."				
3248	"JS - I'd change code to use async await syntax
Java - android is highly callback oriented so there's hardly any need for refactoring
Embedded devices - QT
Backend java server - groovy / grails"				
3255	Yes it would. Thus the codes would be simple and smaller, better for construction, saving space with more objectives, lean and speeding up the compilations. Note that the difference in the same code has been reduced and simplified, very good.				
3269	Probably not on working (legacy) code unless management is supportive and/or understands the cost/benefit and/or risk involved.  Too many programmers don't know how to write clean code and/or are willing to re-factor their own precious work. Every day I have to deal with such horrible code that I get gun shy about even touching it much less performing much needed re-factoring.				
3346	In this sequence of code between the old and the new, you have to be careful about hiding the throws. Some divergence criteria must have certain relevances, in addition to performing error control and depending on the keyword can direct to other classes and using the subclass throwable arrow the most correct paths. Already using (->), direct and specify, it is meaningless.				
3353	I, in particular, would obey criteria to the codes that involve privileges and return of those same privileges, I did not notice compatibility in the interface, the IDE interface in Netbeans also judges this care.				
3360	No comments.				
3367	No comments.				
3388	"Yes,
I'd also delete the function and copy the one-line body to the callsites to reduce mental indirection."				
3416	If the loop body is very long, or most of the lambdas will be one-liners.				
3423	With regards to this example my answer is no. However, there are cases where the use of Lambda expressions are more succinct, easier to read, understand and to debug when there are issues. The example above in my opinion showcases an example where an imperative style of code will be a better choice, perhaps it is what I am used to.				
3507	"Yes as I think the need for helper automated transformation is helpful in improving existing java code.

Note: Keep in mind, there is benefit with using lambda functionality as it is designed to take more advantage of the multi-core/mult-threaded to provide some degree of concurrency improvements to potentially improve performance as well.  In other words, the for loop version is more sequential while the lambda version internally allows internal concurrency spread across cores."				
3514	Yes.  Potential lambda performance improvements.				
3521	Yes.  Potential performance improvements.				
3528	Yes.  Potential performance improvements.				
3535	"Yes.  Potential performance improvements.

Note: Survey seems to focus on finding a single element in a given collection.  Lambda/Streams also provide mapping and filtering elements that also help when using these types of paradigms which do not appear to be covered by this survey."				
3549	The transformation is incorrect, `path` is not declared.				
3563	No. I wouldn't perform a write operation inside a map().				
3570	I wouldn't do throwable validations in a map. I'd prefer iterating through the collection twice: First to perform any validation, and then for processing the input.				
3584	The new code is somewhat of a hybrid between structural loop style and functional map/filter/reduce style, i.e. a functional stream based transformation wrapped inside a regular loop. This sort of mixing of styles rarely makes things easier or better in my experience.				
3591	"Almost never. Transforming for loops into forEach statements with lambda expressions provides little benefit other than using a maybe slightly more concise syntax. ""Readability"" in my mind is such a subjective criterion that it is close to useless as a metric for making any decisions: someone coming from a functional language will find a map/filter/reduce pipeline easier to ""read"", and someone coming from a structured programming language will naturally tend towards nested loops."				
3598	Since this is a void method it will, by definition, never be truly functional. Splitting the original code into a map -- with a side effect, no less! -- and a terminal operation with forEach construct does not really improve anything in my mind.				
3619	No, as the new version is longer, more difficult to read, and harder to understand.				
3626	The lamda has one block level less than the original. I'd only do the transformation if the innermost block were longer.				
3633	No, I do not see a benefit.				
3640	No. No advantage.				
3647	No				
3717	Not sure why you had five examples of converting a Runnable to a lambda  I have a hard time seeing how anyone could answer the various questions differently.				
3731	"I would but I don't like how the variable name is kept as ""r"". Since we are losing the explicit type declaration, I would prefer it to be renamed to ""runnable"" instead."				
3738	"Probably not. It's weird to see the indentation of the if to be further right than the ""delegate.reportsCancelled();"""				
3745	It's just very clean.				
3752	"Probably. I like how the return gets converted to an one-liner in the end. It makes the lambdas easier to read, but I worry about scenarios where it's too long and you need to scroll the screen from left to right. Also, why is ""name"" renamed to ""name1""? I don't like that."				
3759	I believe that even been more difficult to understand the writing for a new developer. It over the time will considered normal and than will raise the benefits of the concise writing.				
3878	It is quite easy to read.				
3906	Yes. Readability.				
3941	I would sometimes make this change, but not always because it is only making the code more succinct				
3983	No need of curly braces and semi colon on the second statement				
4025	Boilerplate code hinders readability.				
4032	I can't think of any situation in which anonymous classes are better than lambda expressions.				
4039	yes				
4046	yes				
4116	Idk, but I feel obligated to point out my inexperience with said transformation again so as to show the weight of my opinion on the matter				
4165	Sometimes. First I write code with the older code, than I change for new code.				
4172	Sometimes I perform this transformation. In some situations I first write old code, than I change to a new code.				
4242	"This exact snippet does not compile :)

all is of type Set, however collect()  receives Collectors.toList() 

Also, I'm almost sure they are not semantically equivalent
Shouldn't it be ""all.addAll( ... filter ...)"				
4263	Refactor to functional operations while still keeping a for statement is really messy				
4270	"I would not

When having only a single parameter to lambda, you can omit the parentheses, and also the return statement: making it more succinct

"				
4277	It maintains consiceness and removes boilerplate				
4284	"It maintains consiceness and removes boilerplate.

Although I would make the Lambda multi line to make it easier to read."				
4312	"This snipped seems to be flawed - I'm not sure what it's supposed to do, hence I didn't anwer the questions.
(Looks like the assertion always evaluates to False)"				
4319	Two line lambdas are a mistake. Lambdas are easier to skim and ignore. Anything complicated don't belong in lambdas				
4396	The transformation is fine in my opinion, but the placement of the if-statement makes the new code barely readable at best. The if-statement skewed my opinion on the transformation for the worse.				
4403	Again the transformation is fine, but the resulting lambda expression is an unnecessary block expression. The usage of the curly braces is unnecessary and makes the expression far less readable opposed to the expression without the braces.				
4410	Yes but I would omit the curly braces and the semi-colon.				
4431	"Yes, since it looks more ""straight forward"", and it makes the code itself cleaner"				
4438	Yes. Same answer: makes the code cleaner.				
4445	Yes. The new code, besides looking cleaner, is also really easier to read and comprehend.				
4452	Yes. For me, lambdas look even more attractive when the function itself is just a line. It makes the old answer look unnecessarily bulky and overkill.				
4459	Yes. To make the code more succinct.				
4466	Only if I am actually making changes to this class during a code fix or evolutive maintenance				
4473	The problem with this specific transformation is its intention. It is just a boolean return that I would not encapsulate such simple expression in a class				
4480	Again, only if I am actually making changes to this class during a code fix or evolutive maintenance				
4487	Although the first example is a bit confusing, the second example may hide the actual intent of the line of code				
4494	Only if strictly necessary. Otherwise no				
