Java_Experience,Formation,Profession,Participant,Transformation,Type,Q1
"more than ten years",bd,dfullst,547,469,"Anonymous Inner Class To Lambda Expression",2
"between one and four years",md,dback,718,457,"Anonymous Inner Class To Lambda Expression",2
"between one and four years",md,dback,193,534,"Anonymous Inner Class To Lambda Expression",5
"more than ten years",bd,dfullst,314,534,"Anonymous Inner Class To Lambda Expression",2
"between one and four years",hsg,dfullst,512,535,"Anonymous Inner Class To Lambda Expression",2
"between five and ten years",md,dfullst,363,540,"Anonymous Inner Class To Lambda Expression",2
"between one and four years",md,dmbile,706,465,"Anonymous Inner Class To Lambda Expression",3
"more than ten years",dd,dback,27,533,"Anonymous Inner Class To Lambda Expression",5
"between five and ten years",md,dmbile,56,462,"Anonymous Inner Class To Lambda Expression",5
"between five and ten years",hsg,dmbile,571,479,"Anonymous Inner Class To Lambda Expression",3
"more than ten years",bd,dback,285,551,"Anonymous Inner Class To Lambda Expression",5
"between one and four years",bd,dfullst,337,537,"Anonymous Inner Class To Lambda Expression",5
"between one and four years",bd,dmbile,259,522,"Anonymous Inner Class To Lambda Expression",2
"more than ten years",bd,dback,574,481,"Anonymous Inner Class To Lambda Expression",3
"between five and ten years",md,dfullst,479,491,"Anonymous Inner Class To Lambda Expression",3
"between one and four years",md,dmbile,706,531,"Anonymous Inner Class To Lambda Expression",4
"between one and four years",bd,dfullst,248,518,"Anonymous Inner Class To Lambda Expression",5
"more than ten years",dd,dback,27,553,"Anonymous Inner Class To Lambda Expression",3
"between one and four years",bd,dfullst,739,458,"Anonymous Inner Class To Lambda Expression",4
"between one and four years",bd,dfullst,337,471,"Anonymous Inner Class To Lambda Expression",5
"more than ten years",md,dback,452,550,"Anonymous Inner Class To Lambda Expression",5
"between five and ten years",md,dback,334,530,"Anonymous Inner Class To Lambda Expression",5
"between one and four years",md,dmbile,326,482,"Anonymous Inner Class To Lambda Expression",5
"between one and four years",hsg,dfullst,276,494,"Anonymous Inner Class To Lambda Expression",1
"more than ten years",bd,dfullst,639,505,"Anonymous Inner Class To Lambda Expression",4
"between five and ten years",bd,dfullst,43,459,"Anonymous Inner Class To Lambda Expression",4
"between one and four years",md,dback,193,543,"Anonymous Inner Class To Lambda Expression",5
"between one and four years",bd,dback,185,467,"Anonymous Inner Class To Lambda Expression",5
"between one and four years",bd,dfullst,337,473,"Anonymous Inner Class To Lambda Expression",5
"between one and four years",bd,dmbile,259,541,"Anonymous Inner Class To Lambda Expression",3
"between one and four years",md,dmbile,326,506,"Anonymous Inner Class To Lambda Expression",5
"between five and ten years",md,dfullst,716,484,"Anonymous Inner Class To Lambda Expression",4
"more than ten years",bd,dfullst,202,521,"Anonymous Inner Class To Lambda Expression",4
"more than ten years",md,dfullst,288,536,"Anonymous Inner Class To Lambda Expression",2
"between five and ten years",md,dfullst,363,461,"Anonymous Inner Class To Lambda Expression",2
"between five and ten years",hsg,dback,610,542,"Anonymous Inner Class To Lambda Expression",3
"between five and ten years",md,dback,863,533,"Anonymous Inner Class To Lambda Expression",4
"between five and ten years",md,dmbile,56,476,"Anonymous Inner Class To Lambda Expression",4
"between five and ten years",hsg,dmbile,571,475,"Anonymous Inner Class To Lambda Expression",3
"between one and four years",bd,dfullst,803,459,"Anonymous Inner Class To Lambda Expression",5
"between one and four years",md,dback,193,463,"Anonymous Inner Class To Lambda Expression",5
"between one and four years",under,dmbile,298,507,"Anonymous Inner Class To Lambda Expression",5
"between five and ten years",hsg,dback,255,460,"Anonymous Inner Class To Lambda Expression",5
"between five and ten years",hsg,dback,610,483,"Anonymous Inner Class To Lambda Expression",3
"between five and ten years",md,dfullst,841,553,"Anonymous Inner Class To Lambda Expression",3
"between one and four years",bd,dfullst,739,466,"Anonymous Inner Class To Lambda Expression",4
"more than ten years",md,dmbile,338,487,"Anonymous Inner Class To Lambda Expression",4
"more than ten years",md,dfullst,288,515,"Anonymous Inner Class To Lambda Expression",2
"less than one year",under,dmbile,371,497,"Anonymous Inner Class To Lambda Expression",3
"less than one year",md,dmbile,215,480,"Anonymous Inner Class To Lambda Expression",2
"between one and four years",under,dfullst,70,468,"Anonymous Inner Class To Lambda Expression",2
"more than ten years",bd,dfullst,547,464,"Anonymous Inner Class To Lambda Expression",5
"more than ten years",dd,dback,702,538,"Anonymous Inner Class To Lambda Expression",5
"between five and ten years",md,dmbile,56,477,"Anonymous Inner Class To Lambda Expression",3
"between five and ten years",hsg,dmbile,571,472,"Anonymous Inner Class To Lambda Expression",4
"between five and ten years",bd,dback,20,539,"Anonymous Inner Class To Lambda Expression",5
"between one and four years",bd,dfullst,337,478,"Anonymous Inner Class To Lambda Expression",5
"between one and four years",bd,dmbile,259,520,"Anonymous Inner Class To Lambda Expression",4
"between one and four years",md,dmbile,326,528,"Anonymous Inner Class To Lambda Expression",5
"more than ten years",bd,dfullst,639,456,"Anonymous Inner Class To Lambda Expression",4
"less than one year",bd,dmbile,42,485,"Anonymous Inner Class To Lambda Expression",4
"between five and ten years",md,dback,192,554,"Anonymous Inner Class To Lambda Expression",5
"between five and ten years",md,dfullst,360,470,"Anonymous Inner Class To Lambda Expression",5
"between five and ten years",md,dfullst,479,498,"Anonymous Inner Class To Lambda Expression",4
"between one and four years",bd,dfullst,391,486,"Anonymous Inner Class To Lambda Expression",1
"between one and four years",md,dmbile,326,469,"Anonymous Inner Class To Lambda Expression",5
"between five and ten years",md,dfullst,716,457,"Anonymous Inner Class To Lambda Expression",3
"less than one year",bd,dback,15,534,"Anonymous Inner Class To Lambda Expression",4
"between one and four years",under,dmbile,298,535,"Anonymous Inner Class To Lambda Expression",5
"between one and four years",under,dback,256,540,"Anonymous Inner Class To Lambda Expression",5
"between five and ten years",hsg,dback,610,465,"Anonymous Inner Class To Lambda Expression",3
"more than ten years",dd,dback,702,532,"Anonymous Inner Class To Lambda Expression",5
"between one and four years",bd,dfullst,749,508,"Anonymous Inner Class To Lambda Expression",4
"more than ten years",md,dmbile,338,479,"Anonymous Inner Class To Lambda Expression",4
"between one and four years",bd,dback,185,551,"Anonymous Inner Class To Lambda Expression",5
"less than one year",md,dmbile,215,537,"Anonymous Inner Class To Lambda Expression",2
"between one and four years",under,dfullst,70,522,"Anonymous Inner Class To Lambda Expression",5
"between five and ten years",md,dfullst,360,481,"Anonymous Inner Class To Lambda Expression",5
"between one and four years",under,dmbile,298,491,"Anonymous Inner Class To Lambda Expression",4
"between five and ten years",hsg,dback,610,531,"Anonymous Inner Class To Lambda Expression",3
"between five and ten years",md,dmbile,56,518,"Anonymous Inner Class To Lambda Expression",4
"between five and ten years",md,dfullst,841,539,"Anonymous Inner Class To Lambda Expression",5
"more than ten years",bd,dback,657,458,"Anonymous Inner Class To Lambda Expression",3
"more than ten years",bd,dback,229,471,"Anonymous Inner Class To Lambda Expression",5
"between one and four years",hsg,dfullst,276,550,"Anonymous Inner Class To Lambda Expression",5
"between one and four years",bd,dmbile,259,530,"Anonymous Inner Class To Lambda Expression",5
"less than one year",md,dmbile,215,482,"Anonymous Inner Class To Lambda Expression",2
"more than ten years",bd,dback,281,494,"Anonymous Inner Class To Lambda Expression",2
"more than ten years",bd,dfullst,547,505,"Anonymous Inner Class To Lambda Expression",4
"between one and four years",bd,dfullst,803,485,"Anonymous Inner Class To Lambda Expression",3
"less than one year",bd,dback,15,543,"Anonymous Inner Class To Lambda Expression",4
"more than ten years",bd,dback,229,473,"Anonymous Inner Class To Lambda Expression",5
"between one and four years",under,dfullst,70,541,"Anonymous Inner Class To Lambda Expression",2
"less than one year",md,dmbile,215,506,"Anonymous Inner Class To Lambda Expression",2
"more than ten years",md,dfullst,642,484,"Anonymous Inner Class To Lambda Expression",4
"less than one year",bd,dback,15,521,"Anonymous Inner Class To Lambda Expression",3
"between five and ten years",md,dback,192,536,"Anonymous Inner Class To Lambda Expression",4
"between one and four years",under,dback,256,461,"Anonymous Inner Class To Lambda Expression",5
"more than ten years",md,dfullst,288,542,"Anonymous Inner Class To Lambda Expression",2
"more than ten years",dd,dback,702,533,"Anonymous Inner Class To Lambda Expression",5
"between one and four years",bd,dfullst,749,462,"Anonymous Inner Class To Lambda Expression",4
"between one and four years",md,dfullst,340,475,"Anonymous Inner Class To Lambda Expression",4
"between five and ten years",bd,dback,20,467,"Anonymous Inner Class To Lambda Expression",5
"less than one year",bd,dback,15,463,"Anonymous Inner Class To Lambda Expression",4
"between five and ten years",md,dfullst,363,474,"Anonymous Inner Class To Lambda Expression",2
"between five and ten years",md,dback,192,507,"Anonymous Inner Class To Lambda Expression",5
"more than ten years",hsg,dfullst,462,483,"Anonymous Inner Class To Lambda Expression",1
"more than ten years",md,dback,66,460,"Anonymous Inner Class To Lambda Expression",4
"between one and four years",md,dmbile,634,483,"Anonymous Inner Class To Lambda Expression",5
"more than ten years",dd,dback,702,553,"Anonymous Inner Class To Lambda Expression",5
"more than ten years",under,dfullst,662,466,"Anonymous Inner Class To Lambda Expression",4
"more than ten years",bd,dback,229,487,"Anonymous Inner Class To Lambda Expression",5
"between one and four years",bd,dback,185,515,"Anonymous Inner Class To Lambda Expression",5
"less than one year",hsg,dfullst,260,497,"Anonymous Inner Class To Lambda Expression",4
"between one and four years",md,dmbile,48,480,"Anonymous Inner Class To Lambda Expression",2
"more than ten years",md,dfullst,773,474,"Anonymous Inner Class To Lambda Expression",5
"between one and four years",md,dmbile,326,464,"Anonymous Inner Class To Lambda Expression",5
"between five and ten years",md,dfullst,716,459,"Anonymous Inner Class To Lambda Expression",3
"between one and four years",md,dfullst,340,472,"Anonymous Inner Class To Lambda Expression",4
"between five and ten years",md,dfullst,841,467,"Anonymous Inner Class To Lambda Expression",5
"more than ten years",bd,dback,229,478,"Anonymous Inner Class To Lambda Expression",5
"between one and four years",under,dfullst,70,520,"Anonymous Inner Class To Lambda Expression",3
"less than one year",md,dmbile,215,528,"Anonymous Inner Class To Lambda Expression",2
"more than ten years",md,dfullst,538,456,"Anonymous Inner Class To Lambda Expression",5
"between one and four years",bd,dfullst,803,521,"Anonymous Inner Class To Lambda Expression",3
"less than one year",bd,dback,15,554,"Anonymous Inner Class To Lambda Expression",4
"between one and four years",under,dback,256,470,"Anonymous Inner Class To Lambda Expression",5
"between one and four years",under,dmbile,298,498,"Anonymous Inner Class To Lambda Expression",5
"more than ten years",bd,dfullst,264,486,"Anonymous Inner Class To Lambda Expression",1
"between five and ten years",hsg,dback,610,538,"Anonymous Inner Class To Lambda Expression",2
"between five and ten years",md,dback,732,476,"Anonymous Inner Class To Lambda Expression",4
"more than ten years",md,dfullst,642,457,"Anonymous Inner Class To Lambda Expression",2
"more than ten years",md,dfullst,886,463,"Anonymous Inner Class To Lambda Expression",5
"between five and ten years",md,dback,192,535,"Anonymous Inner Class To Lambda Expression",4
"more than ten years",md,dback,66,540,"Anonymous Inner Class To Lambda Expression",4
"more than ten years",hsg,dfullst,462,465,"Anonymous Inner Class To Lambda Expression",1
"between one and four years",hsn,dmbile,625,532,"Anonymous Inner Class To Lambda Expression",5
"more than ten years",under,dfullst,662,508,"Anonymous Inner Class To Lambda Expression",4
"more than ten years",md,dback,52,479,"Anonymous Inner Class To Lambda Expression",2
"between five and ten years",bd,dback,20,551,"Anonymous Inner Class To Lambda Expression",5
"between one and four years",md,dmbile,48,537,"Anonymous Inner Class To Lambda Expression",2
"more than ten years",md,dback,579,468,"Anonymous Inner Class To Lambda Expression",4
"more than ten years",hsg,dfullst,203,469,"Anonymous Inner Class To Lambda Expression",3
"between one and four years",under,dback,256,481,"Anonymous Inner Class To Lambda Expression",3
"between five and ten years",md,dback,192,491,"Anonymous Inner Class To Lambda Expression",5
"more than ten years",hsg,dfullst,462,531,"Anonymous Inner Class To Lambda Expression",1
"between five and ten years",md,dback,732,477,"Anonymous Inner Class To Lambda Expression",5
"more than ten years",dd,dback,702,539,"Anonymous Inner Class To Lambda Expression",5
"between five and ten years",hsg,dmbile,571,458,"Anonymous Inner Class To Lambda Expression",3
"between one and four years",md,dmbile,48,471,"Anonymous Inner Class To Lambda Expression",2
"more than ten years",hsn,dfullst,183,550,"Anonymous Inner Class To Lambda Expression",2
"more than ten years",md,dback,74,530,"Anonymous Inner Class To Lambda Expression",4
"less than one year",under,dfullst,46,482,"Anonymous Inner Class To Lambda Expression",4
"more than ten years",md,dfullst,153,494,"Anonymous Inner Class To Lambda Expression",2
"between five and ten years",hsn,dback,324,505,"Anonymous Inner Class To Lambda Expression",3
"between five and ten years",md,dfullst,716,485,"Anonymous Inner Class To Lambda Expression",4
"more than ten years",md,dfullst,886,554,"Anonymous Inner Class To Lambda Expression",4
"between one and four years",md,dmbile,48,473,"Anonymous Inner Class To Lambda Expression",2
"more than ten years",md,dfullst,773,522,"Anonymous Inner Class To Lambda Expression",5
"less than one year",under,dfullst,46,506,"Anonymous Inner Class To Lambda Expression",5
"more than ten years",md,dfullst,538,484,"Anonymous Inner Class To Lambda Expression",4
"more than ten years",md,dfullst,886,534,"Anonymous Inner Class To Lambda Expression",4
"between one and four years",under,dmbile,34,536,"Anonymous Inner Class To Lambda Expression",4
"more than ten years",md,dback,66,461,"Anonymous Inner Class To Lambda Expression",4
"between one and four years",under,dmbile,298,542,"Anonymous Inner Class To Lambda Expression",5
"between one and four years",hsn,dmbile,625,533,"Anonymous Inner Class To Lambda Expression",5
"more than ten years",under,dfullst,662,462,"Anonymous Inner Class To Lambda Expression",4
"more than ten years",bd,dback,229,475,"Anonymous Inner Class To Lambda Expression",4
"between one and four years",under,dmbile,835,551,"Anonymous Inner Class To Lambda Expression",5
"more than ten years",md,dfullst,886,543,"Anonymous Inner Class To Lambda Expression",4
"between one and four years",under,dback,256,474,"Anonymous Inner Class To Lambda Expression",5
"between one and four years",under,dmbile,34,507,"Anonymous Inner Class To Lambda Expression",5
"more than ten years",md,dback,292,483,"Anonymous Inner Class To Lambda Expression",5
"between five and ten years",md,dback,732,518,"Anonymous Inner Class To Lambda Expression",5
"between one and four years",hsn,dmbile,625,553,"Anonymous Inner Class To Lambda Expression",5
"between five and ten years",hsg,dmbile,571,466,"Anonymous Inner Class To Lambda Expression",3
"between one and four years",under,dfullst,49,487,"Anonymous Inner Class To Lambda Expression",4
"between five and ten years",bd,dback,20,515,"Anonymous Inner Class To Lambda Expression",5
"between one and four years",dd,dmbile,22,497,"Anonymous Inner Class To Lambda Expression",3
"between one and four years",md,dmbile,943,482,"Anonymous Inner Class To Lambda Expression",3
"between five and ten years",bd,dback,674,474,"Anonymous Inner Class To Lambda Expression",5
"more than ten years",hsg,dfullst,203,464,"Anonymous Inner Class To Lambda Expression",5
"more than ten years",md,dfullst,642,459,"Anonymous Inner Class To Lambda Expression",2
"between five and ten years",md,dfullst,233,472,"Anonymous Inner Class To Lambda Expression",5
"between five and ten years",md,dmbile,701,467,"Anonymous Inner Class To Lambda Expression",4
"between one and four years",md,dmbile,48,478,"Anonymous Inner Class To Lambda Expression",2
"more than ten years",md,dfullst,336,541,"Anonymous Inner Class To Lambda Expression",5
"less than one year",under,dfullst,46,528,"Anonymous Inner Class To Lambda Expression",4
"between five and ten years",hsn,dback,324,456,"Anonymous Inner Class To Lambda Expression",4
"between five and ten years",md,dfullst,716,521,"Anonymous Inner Class To Lambda Expression",5
"more than ten years",md,dfullst,886,536,"Anonymous Inner Class To Lambda Expression",2
"more than ten years",md,dback,66,470,"Anonymous Inner Class To Lambda Expression",4
"more than ten years",under,dback,191,498,"Anonymous Inner Class To Lambda Expression",5
"less than one year",bd,dmbile,84,486,"Anonymous Inner Class To Lambda Expression",4
"more than ten years",hsg,dfullst,462,538,"Anonymous Inner Class To Lambda Expression",1
"more than ten years",under,dfullst,662,476,"Anonymous Inner Class To Lambda Expression",4
"more than ten years",md,dfullst,538,457,"Anonymous Inner Class To Lambda Expression",2
"more than ten years",bd,dfullst,639,463,"Anonymous Inner Class To Lambda Expression",3
"between one and four years",under,dmbile,34,535,"Anonymous Inner Class To Lambda Expression",3
"between five and ten years",md,dback,732,460,"Anonymous Inner Class To Lambda Expression",4
"more than ten years",md,dback,292,465,"Anonymous Inner Class To Lambda Expression",5
"more than ten years",md,dfullst,460,532,"Anonymous Inner Class To Lambda Expression",4
"between five and ten years",bd,dback,572,508,"Anonymous Inner Class To Lambda Expression",5
"between one and four years",md,dfullst,51,479,"Anonymous Inner Class To Lambda Expression",4
"between one and four years",under,dmbile,835,515,"Anonymous Inner Class To Lambda Expression",3
"between one and four years",bd,dmbile,717,480,"Anonymous Inner Class To Lambda Expression",5
"more than ten years",md,dfullst,568,468,"Anonymous Inner Class To Lambda Expression",5
"less than one year",under,dfullst,46,469,"Anonymous Inner Class To Lambda Expression",4
"between one and four years",under,dmbile,34,491,"Anonymous Inner Class To Lambda Expression",5
"more than ten years",md,dback,292,531,"Anonymous Inner Class To Lambda Expression",5
"more than ten years",under,dfullst,662,477,"Anonymous Inner Class To Lambda Expression",4
"between five and ten years",md,dfullst,233,458,"Anonymous Inner Class To Lambda Expression",5
"more than ten years",hsg,dfullst,462,539,"Anonymous Inner Class To Lambda Expression",1
"between one and four years",md,dfullst,340,458,"Anonymous Inner Class To Lambda Expression",4
"between five and ten years",md,dmbile,651,478,"Anonymous Inner Class To Lambda Expression",4
"between five and ten years",bd,dback,20,550,"Anonymous Inner Class To Lambda Expression",5
"between one and four years",bd,dfullst,337,520,"Anonymous Inner Class To Lambda Expression",4
"between one and four years",md,dmbile,943,528,"Anonymous Inner Class To Lambda Expression",2
"more than ten years",hsg,dfullst,203,505,"Anonymous Inner Class To Lambda Expression",4
"more than ten years",md,dback,505,485,"Anonymous Inner Class To Lambda Expression",3
"more than ten years",md,dfullst,664,554,"Anonymous Inner Class To Lambda Expression",2
"more than ten years",md,dback,66,481,"Anonymous Inner Class To Lambda Expression",4
"between one and four years",bd,dmbile,717,537,"Anonymous Inner Class To Lambda Expression",5
"between five and ten years",bd,dback,674,522,"Anonymous Inner Class To Lambda Expression",4
"between one and four years",md,dmbile,943,469,"Anonymous Inner Class To Lambda Expression",2
"more than ten years",hsg,dfullst,203,484,"Anonymous Inner Class To Lambda Expression",2
"more than ten years",md,dfullst,664,534,"Anonymous Inner Class To Lambda Expression",4
"between five and ten years",md,dback,865,535,"Anonymous Inner Class To Lambda Expression",5
"between five and ten years",md,dback,732,540,"Anonymous Inner Class To Lambda Expression",4
"more than ten years",under,dback,191,542,"Anonymous Inner Class To Lambda Expression",5
"more than ten years",md,dfullst,460,533,"Anonymous Inner Class To Lambda Expression",4
"between five and ten years",bd,dback,572,462,"Anonymous Inner Class To Lambda Expression",5
"more than ten years",md,dback,52,475,"Anonymous Inner Class To Lambda Expression",5
"between five and ten years",md,dmbile,701,551,"Anonymous Inner Class To Lambda Expression",4
"more than ten years",md,dfullst,638,543,"Anonymous Inner Class To Lambda Expression",3
"between one and four years",under,dfullst,70,474,"Anonymous Inner Class To Lambda Expression",4
"between five and ten years",md,dback,865,491,"Anonymous Inner Class To Lambda Expression",5
"more than ten years",under,dback,191,483,"Anonymous Inner Class To Lambda Expression",5
"between five and ten years",md,dmbile,651,518,"Anonymous Inner Class To Lambda Expression",4
"more than ten years",md,dfullst,460,553,"Anonymous Inner Class To Lambda Expression",4
"between one and four years",md,dfullst,340,466,"Anonymous Inner Class To Lambda Expression",4
"between one and four years",bd,dfullst,724,471,"Anonymous Inner Class To Lambda Expression",5
"between one and four years",under,dmbile,835,550,"Anonymous Inner Class To Lambda Expression",4
"more than ten years",bd,dfullst,776,530,"Anonymous Inner Class To Lambda Expression",4
"between one and four years",bd,dmbile,717,482,"Anonymous Inner Class To Lambda Expression",4
"more than ten years",md,dfullst,700,494,"Anonymous Inner Class To Lambda Expression",4
"more than ten years",bd,dback,574,474,"Anonymous Inner Class To Lambda Expression",5
"less than one year",under,dfullst,46,464,"Anonymous Inner Class To Lambda Expression",2
"more than ten years",md,dfullst,538,459,"Anonymous Inner Class To Lambda Expression",5
"more than ten years",md,dback,52,472,"Anonymous Inner Class To Lambda Expression",5
"more than ten years",md,dfullst,461,467,"Anonymous Inner Class To Lambda Expression",2
"between one and four years",bd,dmbile,717,473,"Anonymous Inner Class To Lambda Expression",4
"more than ten years",md,dback,579,541,"Anonymous Inner Class To Lambda Expression",5
"between one and four years",md,dmbile,943,506,"Anonymous Inner Class To Lambda Expression",4
"more than ten years",hsg,dfullst,203,456,"Anonymous Inner Class To Lambda Expression",2
"more than ten years",md,dfullst,642,521,"Anonymous Inner Class To Lambda Expression",2
"more than ten years",md,dfullst,664,536,"Anonymous Inner Class To Lambda Expression",4
"more than ten years",md,dfullst,773,461,"Anonymous Inner Class To Lambda Expression",5
"between one and four years",bd,dfullst,38,498,"Anonymous Inner Class To Lambda Expression",5
"more than ten years",under,dback,191,538,"Anonymous Inner Class To Lambda Expression",4
"between five and ten years",bd,dback,572,476,"Anonymous Inner Class To Lambda Expression",5
"between five and ten years",hsn,dback,324,457,"Anonymous Inner Class To Lambda Expression",3
"more than ten years",md,dmbile,641,463,"Anonymous Inner Class To Lambda Expression",1
"between five and ten years",md,dback,865,507,"Anonymous Inner Class To Lambda Expression",5
"between five and ten years",md,dmbile,651,460,"Anonymous Inner Class To Lambda Expression",2
"between one and four years",under,dmbile,34,465,"Anonymous Inner Class To Lambda Expression",4
"more than ten years",md,dback,292,532,"Anonymous Inner Class To Lambda Expression",5
"between one and four years",md,dfullst,340,508,"Anonymous Inner Class To Lambda Expression",4
"between one and four years",bd,dfullst,739,487,"Anonymous Inner Class To Lambda Expression",5
"between five and ten years",md,dmbile,701,515,"Anonymous Inner Class To Lambda Expression",4
"more than ten years",bd,dfullst,776,497,"Anonymous Inner Class To Lambda Expression",3
"between one and four years",bd,dmbile,633,480,"Anonymous Inner Class To Lambda Expression",4
"more than ten years",bd,dback,574,468,"Anonymous Inner Class To Lambda Expression",5
"between one and four years",md,dmbile,943,464,"Anonymous Inner Class To Lambda Expression",3
"between five and ten years",md,dmbile,805,486,"Anonymous Inner Class To Lambda Expression",5
"more than ten years",under,dback,191,531,"Anonymous Inner Class To Lambda Expression",5
"more than ten years",bd,dback,574,477,"Anonymous Inner Class To Lambda Expression",3
"more than ten years",md,dback,52,458,"Anonymous Inner Class To Lambda Expression",3
"more than ten years",md,dfullst,460,539,"Anonymous Inner Class To Lambda Expression",4
"more than ten years",bd,dback,657,478,"Anonymous Inner Class To Lambda Expression",3
"between five and ten years",bd,dback,674,520,"Anonymous Inner Class To Lambda Expression",3
"between one and four years",md,dback,718,528,"Anonymous Inner Class To Lambda Expression",2
"between five and ten years",bd,dfullst,43,505,"Anonymous Inner Class To Lambda Expression",5
"more than ten years",md,dfullst,538,485,"Anonymous Inner Class To Lambda Expression",3
"more than ten years",md,dback,505,554,"Anonymous Inner Class To Lambda Expression",4
"more than ten years",md,dfullst,773,470,"Anonymous Inner Class To Lambda Expression",5
"between five and ten years",md,dback,865,498,"Anonymous Inner Class To Lambda Expression",5
"more than ten years",md,dfullst,568,522,"Anonymous Inner Class To Lambda Expression",5
"more than ten years",bd,dfullst,639,469,"Anonymous Inner Class To Lambda Expression",4
"more than ten years",bd,dfullst,202,484,"Anonymous Inner Class To Lambda Expression",4
"more than ten years",md,dfullst,642,534,"Anonymous Inner Class To Lambda Expression",2
"more than ten years",md,dfullst,664,535,"Anonymous Inner Class To Lambda Expression",2
"between five and ten years",md,dfullst,362,540,"Anonymous Inner Class To Lambda Expression",4
"between one and four years",bd,dfullst,38,542,"Anonymous Inner Class To Lambda Expression",3
"more than ten years",md,dback,292,533,"Anonymous Inner Class To Lambda Expression",5
"between five and ten years",bd,dback,342,462,"Anonymous Inner Class To Lambda Expression",4
"between one and four years",bd,dfullst,739,479,"Anonymous Inner Class To Lambda Expression",3
"between one and four years",hsn,dmbile,625,551,"Anonymous Inner Class To Lambda Expression",5
"between five and ten years",bd,dfullst,645,537,"Anonymous Inner Class To Lambda Expression",3
"between one and four years",hsg,dfullst,512,543,"Anonymous Inner Class To Lambda Expression",4
"more than ten years",md,dfullst,773,481,"Anonymous Inner Class To Lambda Expression",5
"between one and four years",md,dmbile,706,491,"Anonymous Inner Class To Lambda Expression",4
"between one and four years",hsg,dfullst,32,483,"Anonymous Inner Class To Lambda Expression",2
"more than ten years",bd,dback,574,518,"Anonymous Inner Class To Lambda Expression",2
"more than ten years",bd,dback,285,553,"Anonymous Inner Class To Lambda Expression",5
"between five and ten years",md,dfullst,233,466,"Anonymous Inner Class To Lambda Expression",5
"more than ten years",md,dback,567,471,"Anonymous Inner Class To Lambda Expression",2
"between five and ten years",md,dmbile,701,550,"Anonymous Inner Class To Lambda Expression",4
"between five and ten years",bd,dback,674,530,"Anonymous Inner Class To Lambda Expression",4
"more than ten years",under,dback,644,482,"Anonymous Inner Class To Lambda Expression",3
"more than ten years",md,dback,694,494,"Anonymous Inner Class To Lambda Expression",2
"between one and four years",bd,dfullst,803,505,"Anonymous Inner Class To Lambda Expression",3
"between five and ten years",hsn,dback,324,459,"Anonymous Inner Class To Lambda Expression",4
"between one and four years",bd,dback,661,475,"Anonymous Inner Class To Lambda Expression",4
"more than ten years",md,dback,452,467,"Anonymous Inner Class To Lambda Expression",5
"between five and ten years",md,dmbile,651,473,"Anonymous Inner Class To Lambda Expression",4
"more than ten years",md,dfullst,568,541,"Anonymous Inner Class To Lambda Expression",5
"more than ten years",under,dback,644,506,"Anonymous Inner Class To Lambda Expression",3
"between one and four years",md,dback,718,506,"Anonymous Inner Class To Lambda Expression",5
"between five and ten years",bd,dfullst,43,456,"Anonymous Inner Class To Lambda Expression",5
"more than ten years",md,dback,505,521,"Anonymous Inner Class To Lambda Expression",3
"between one and four years",hsn,dmbile,635,536,"Anonymous Inner Class To Lambda Expression",2
"between five and ten years",md,dmbile,651,461,"Anonymous Inner Class To Lambda Expression",4
"between five and ten years",md,dback,865,542,"Anonymous Inner Class To Lambda Expression",5
"between five and ten years",bd,dmbile,190,538,"Anonymous Inner Class To Lambda Expression",4
"between five and ten years",bd,dback,342,476,"Anonymous Inner Class To Lambda Expression",3
"more than ten years",bd,dfullst,202,457,"Anonymous Inner Class To Lambda Expression",3
"between one and four years",hsg,dfullst,512,463,"Anonymous Inner Class To Lambda Expression",5
"more than ten years",md,dfullst,664,507,"Anonymous Inner Class To Lambda Expression",2
"between five and ten years",md,dfullst,363,460,"Anonymous Inner Class To Lambda Expression",2
"between five and ten years",under,dmbile,36,465,"Anonymous Inner Class To Lambda Expression",4
"more than ten years",bd,dback,189,532,"Anonymous Inner Class To Lambda Expression",4
"between five and ten years",md,dfullst,233,508,"Anonymous Inner Class To Lambda Expression",5
"more than ten years",bd,dback,657,487,"Anonymous Inner Class To Lambda Expression",3
"between one and four years",hsn,dmbile,625,515,"Anonymous Inner Class To Lambda Expression",5
"between five and ten years",bd,dback,674,497,"Anonymous Inner Class To Lambda Expression",2
"between five and ten years",md,dback,560,480,"Anonymous Inner Class To Lambda Expression",4
"between five and ten years",md,dback,334,468,"Anonymous Inner Class To Lambda Expression",4
"more than ten years",under,dback,644,464,"Anonymous Inner Class To Lambda Expression",4
"more than ten years",dd,dback,27,531,"Anonymous Inner Class To Lambda Expression",4
"between five and ten years",bd,dback,343,477,"Anonymous Inner Class To Lambda Expression",4
"between one and four years",bd,dfullst,739,472,"Anonymous Inner Class To Lambda Expression",4
"more than ten years",bd,dback,285,539,"Anonymous Inner Class To Lambda Expression",5
"between one and four years",under,dmbile,659,478,"Anonymous Inner Class To Lambda Expression",4
"more than ten years",md,dfullst,568,520,"Anonymous Inner Class To Lambda Expression",5
"more than ten years",under,dback,644,528,"Anonymous Inner Class To Lambda Expression",4
"between one and four years",bd,dmbile,717,456,"Anonymous Inner Class To Lambda Expression",4
"between five and ten years",hsn,dback,324,485,"Anonymous Inner Class To Lambda Expression",3
"between one and four years",hsg,dfullst,512,554,"Anonymous Inner Class To Lambda Expression",2
"between five and ten years",bd,dback,666,470,"Anonymous Inner Class To Lambda Expression",3
"between one and four years",md,dmbile,706,498,"Anonymous Inner Class To Lambda Expression",5
"between one and four years",dd,dmbile,683,486,"Anonymous Inner Class To Lambda Expression",5
"between five and ten years",md,dback,334,522,"Anonymous Inner Class To Lambda Expression",4
"more than ten years",under,dback,644,469,"Anonymous Inner Class To Lambda Expression",2
"between five and ten years",bd,dfullst,43,484,"Anonymous Inner Class To Lambda Expression",5
"more than ten years",md,dback,505,534,"Anonymous Inner Class To Lambda Expression",4
"more than ten years",md,dback,505,535,"Anonymous Inner Class To Lambda Expression",3
"between five and ten years",md,dfullst,360,540,"Anonymous Inner Class To Lambda Expression",5
"between five and ten years",md,dback,863,465,"Anonymous Inner Class To Lambda Expression",3
"more than ten years",bd,dback,189,533,"Anonymous Inner Class To Lambda Expression",4
"between five and ten years",md,dfullst,233,462,"Anonymous Inner Class To Lambda Expression",5
"more than ten years",md,dback,567,479,"Anonymous Inner Class To Lambda Expression",3
"more than ten years",md,dfullst,288,551,"Anonymous Inner Class To Lambda Expression",2
"between five and ten years",md,dback,560,537,"Anonymous Inner Class To Lambda Expression",4
"between one and four years",hsg,dfullst,667,481,"Anonymous Inner Class To Lambda Expression",2
"between one and four years",hsn,dmbile,635,491,"Anonymous Inner Class To Lambda Expression",4
"between five and ten years",md,dback,863,531,"Anonymous Inner Class To Lambda Expression",4
"between five and ten years",bd,dback,343,518,"Anonymous Inner Class To Lambda Expression",4
"between one and four years",bd,dback,185,553,"Anonymous Inner Class To Lambda Expression",5
"more than ten years",md,dback,52,466,"Anonymous Inner Class To Lambda Expression",3
"between five and ten years",dd,dback,566,471,"Anonymous Inner Class To Lambda Expression",5
"more than ten years",md,dfullst,460,550,"Anonymous Inner Class To Lambda Expression",4
"more than ten years",md,dfullst,568,530,"Anonymous Inner Class To Lambda Expression",5
"between five and ten years",md,dback,560,482,"Anonymous Inner Class To Lambda Expression",5
"between one and four years",under,dmbile,620,494,"Anonymous Inner Class To Lambda Expression",4
"between one and four years",md,dback,718,505,"Anonymous Inner Class To Lambda Expression",4
"more than ten years",bd,dfullst,202,459,"Anonymous Inner Class To Lambda Expression",4
"between five and ten years",bd,dfullst,301,543,"Anonymous Inner Class To Lambda Expression",5
"more than ten years",bd,dback,285,467,"Anonymous Inner Class To Lambda Expression",5
"between five and ten years",md,dback,560,473,"Anonymous Inner Class To Lambda Expression",5
"between five and ten years",md,dback,334,541,"Anonymous Inner Class To Lambda Expression",3
"more than ten years",bd,dfullst,547,506,"Anonymous Inner Class To Lambda Expression",3
"between one and four years",bd,dfullst,803,484,"Anonymous Inner Class To Lambda Expression",4
"less than one year",md,dfullst,316,521,"Anonymous Inner Class To Lambda Expression",4
"between one and four years",hsg,dfullst,512,536,"Anonymous Inner Class To Lambda Expression",2
"between five and ten years",md,dfullst,360,461,"Anonymous Inner Class To Lambda Expression",5
"between one and four years",md,dmbile,706,542,"Anonymous Inner Class To Lambda Expression",3
"more than ten years",dd,dback,27,538,"Anonymous Inner Class To Lambda Expression",4
"between five and ten years",md,dback,241,476,"Anonymous Inner Class To Lambda Expression",4
"more than ten years",bd,dback,657,475,"Anonymous Inner Class To Lambda Expression",4
"between five and ten years",bd,dfullst,43,457,"Anonymous Inner Class To Lambda Expression",4
"more than ten years",md,dfullst,309,463,"Anonymous Inner Class To Lambda Expression",1
"between one and four years",hsn,dmbile,635,507,"Anonymous Inner Class To Lambda Expression",5
"between five and ten years",md,dfullst,360,460,"Anonymous Inner Class To Lambda Expression",5
"between five and ten years",md,dback,863,483,"Anonymous Inner Class To Lambda Expression",3
"more than ten years",dd,dback,27,532,"Anonymous Inner Class To Lambda Expression",5
"between five and ten years",md,dmbile,56,508,"Anonymous Inner Class To Lambda Expression",5
"between five and ten years",dd,dback,566,487,"Anonymous Inner Class To Lambda Expression",5
"more than ten years",bd,dback,285,515,"Anonymous Inner Class To Lambda Expression",5
"more than ten years",md,dback,579,497,"Anonymous Inner Class To Lambda Expression",3
"between one and four years",bd,dfullst,337,480,"Anonymous Inner Class To Lambda Expression",4
"between one and four years",bd,dmbile,259,468,"Anonymous Inner Class To Lambda Expression",3
"more than ten years",bd,dfullst,639,464,"Anonymous Inner Class To Lambda Expression",1
"between five and ten years",md,dback,863,538,"Anonymous Inner Class To Lambda Expression",3
"between one and four years",bd,dfullst,246,477,"Anonymous Inner Class To Lambda Expression",4
"more than ten years",bd,dback,657,472,"Anonymous Inner Class To Lambda Expression",2
"between one and four years",bd,dback,185,539,"Anonymous Inner Class To Lambda Expression",5
"between five and ten years",md,dback,560,478,"Anonymous Inner Class To Lambda Expression",4
"between five and ten years",md,dback,334,520,"Anonymous Inner Class To Lambda Expression",5
"more than ten years",bd,dfullst,547,528,"Anonymous Inner Class To Lambda Expression",3
"between one and four years",md,dback,718,456,"Anonymous Inner Class To Lambda Expression",4
"more than ten years",bd,dfullst,202,485,"Anonymous Inner Class To Lambda Expression",3
"more than ten years",md,dfullst,288,554,"Anonymous Inner Class To Lambda Expression",5
"between five and ten years",md,dfullst,363,470,"Anonymous Inner Class To Lambda Expression",4
"between one and four years",hsn,dmbile,635,498,"Anonymous Inner Class To Lambda Expression",2
"more than ten years",bd,dback,592,486,"Anonymous Inner Class To Lambda Expression",2
"between one and four years",md,dfullst,415,552,"Loop To anyMatch",4
"between five and ten years",bd,dfullst,825,549,"Loop To anyMatch",4
"between one and four years",md,dfullst,270,545,"Loop To anyMatch",4
"more than ten years",bd,dback,592,529,"Loop To anyMatch",4
"between one and four years",bd,dback,605,544,"Loop To anyMatch",2
"between one and four years",md,dmbile,419,546,"Loop To anyMatch",3
"between five and ten years",bd,dfullst,825,555,"Loop To anyMatch",2
"between one and four years",bd,dback,92,524,"Loop To anyMatch",5
"more than ten years",md,dfullst,273,548,"Loop To anyMatch",5
"more than ten years",dd,dfullst,686,523,"Loop To anyMatch",1
"between one and four years",md,dmbile,419,526,"Loop To anyMatch",2
"more than ten years",bd,dfullst,122,525,"Loop To anyMatch",3
"more than ten years",md,dfullst,273,552,"Loop To anyMatch",5
"more than ten years",md,dfullst,688,549,"Loop To anyMatch",4
"between one and four years",bd,dfullst,391,529,"Loop To anyMatch",1
"between one and four years",md,dmbile,419,544,"Loop To anyMatch",3
"more than ten years",bd,dfullst,122,545,"Loop To anyMatch",3
"more than ten years",md,dfullst,273,546,"Loop To anyMatch",5
"more than ten years",md,dfullst,688,555,"Loop To anyMatch",4
"more than ten years",bd,dfullst,122,548,"Loop To anyMatch",3
"more than ten years",bd,dback,592,523,"Loop To anyMatch",2
"more than ten years",md,dfullst,273,526,"Loop To anyMatch",5
"between five and ten years",bd,dfullst,825,524,"Loop To anyMatch",2
"more than ten years",bd,dfullst,122,552,"Loop To anyMatch",3
"more than ten years",bd,dback,592,549,"Loop To anyMatch",3
"less than one year",hsg,dback,266,529,"Loop To anyMatch",2
"more than ten years",md,dfullst,273,544,"Loop To anyMatch",5
"between five and ten years",bd,dfullst,825,525,"Loop To anyMatch",3
"more than ten years",bd,dfullst,122,546,"Loop To anyMatch",3
"more than ten years",bd,dback,592,555,"Loop To anyMatch",4
"between five and ten years",bd,dfullst,825,545,"Loop To anyMatch",4
"between one and four years",bd,dfullst,391,523,"Loop To anyMatch",1
"between five and ten years",under,dback,123,526,"Loop To anyMatch",5
"more than ten years",md,dfullst,688,524,"Loop To anyMatch",4
"less than one year",hsn,dback,826,548,"Loop To anyMatch",3
"between five and ten years",bd,dback,394,549,"Loop To anyMatch",4
"less than one year",bd,dmbile,84,529,"Loop To anyMatch",5
"more than ten years",bd,dback,135,544,"Loop To anyMatch",5
"more than ten years",md,dfullst,688,525,"Loop To anyMatch",4
"more than ten years",md,dback,606,552,"Loop To anyMatch",4
"between one and four years",under,dmbile,408,555,"Loop To anyMatch",5
"between one and four years",bd,dback,605,545,"Loop To anyMatch",3
"less than one year",bd,dmbile,84,523,"Loop To anyMatch",5
"between one and four years",md,dmbile,502,546,"Loop To anyMatch",2
"between five and ten years",bd,dfullst,602,524,"Loop To anyMatch",2
"more than ten years",md,dfullst,688,548,"Loop To anyMatch",4
"between one and four years",md,dfullst,270,549,"Loop To anyMatch",3
"more than ten years",md,dback,607,526,"Loop To anyMatch",2
"between five and ten years",bd,dfullst,602,525,"Loop To anyMatch",2
"between one and four years",bd,dback,605,552,"Loop To anyMatch",2
"between one and four years",md,dfullst,270,555,"Loop To anyMatch",4
"between five and ten years",bd,dfullst,602,545,"Loop To anyMatch",2
"between five and ten years",md,dmbile,805,529,"Loop To anyMatch",2
"between one and four years",md,dmbile,502,544,"Loop To anyMatch",2
"more than ten years",md,dback,606,546,"Loop To anyMatch",4
"between one and four years",under,dmbile,408,524,"Loop To anyMatch",5
"between five and ten years",bd,dfullst,602,548,"Loop To anyMatch",2
"less than one year",bd,dmbile,84,549,"Loop To anyMatch",4
"more than ten years",md,dback,606,526,"Loop To anyMatch",4
"between one and four years",under,dmbile,408,525,"Loop To anyMatch",5
"between five and ten years",bd,dfullst,602,552,"Loop To anyMatch",2
"less than one year",bd,dmbile,84,555,"Loop To anyMatch",4
"between one and four years",under,dmbile,408,545,"Loop To anyMatch",5
"more than ten years",md,dback,685,529,"Loop To anyMatch",5
"more than ten years",md,dback,606,544,"Loop To anyMatch",4
"between one and four years",bd,dback,605,546,"Loop To anyMatch",2
"between one and four years",md,dfullst,270,524,"Loop To anyMatch",4
"between one and four years",under,dmbile,408,548,"Loop To anyMatch",5
"between five and ten years",bd,dback,807,523,"Loop To anyMatch",4
"between one and four years",bd,dback,605,526,"Loop To anyMatch",4
"between one and four years",md,dfullst,270,525,"Loop To anyMatch",4
"between one and four years",bd,dback,689,547,"Loop To filter->collect",4
"between one and four years",bd,dback,689,527,"Loop To filter->collect",4
"less than one year",md,dback,30,547,"Loop To filter->collect",2
"more than ten years",md,dback,607,527,"Loop To filter->collect",4
"more than ten years",bd,dback,426,547,"Loop To filter->collect",5
"more than ten years",bd,dback,426,527,"Loop To filter->collect",5
"more than ten years",bd,dfullst,274,547,"Loop To filter->collect",4
"more than ten years",bd,dfullst,274,527,"Loop To filter->collect",3
"between five and ten years",md,dmbile,138,547,"Loop To filter->collect",4
"between five and ten years",md,dmbile,138,527,"Loop To filter->collect",5
"between one and four years",md,dmbile,502,547,"Loop To filter->collect",5
"more than ten years",md,dmbile,831,527,"Loop To filter->collect",3
"more than ten years",dd,dfullst,151,514,"Loop To filter->forEachOrdered",2
"more than ten years",md,dmbile,831,514,"Loop To filter->forEachOrdered",2
"more than ten years",md,dback,694,514,"Loop To filter->forEachOrdered",3
"more than ten years",bd,dback,612,514,"Loop To filter->forEachOrdered",3
"between one and four years",hsg,dfullst,276,514,"Loop To filter->forEachOrdered",1
"more than ten years",bd,dback,281,514,"Loop To filter->forEachOrdered",2
"more than ten years",md,dfullst,153,499,"Loop To filter->map->forEachOrdered",3
"more than ten years",md,dmbile,831,496,"Loop To filter->map->forEachOrdered",2
"more than ten years",dd,dfullst,151,499,"Loop To filter->map->forEachOrdered",1
"between one and four years",bd,dback,689,496,"Loop To filter->map->forEachOrdered",2
"more than ten years",md,dfullst,700,499,"Loop To filter->map->forEachOrdered",1
"between one and four years",bd,dback,447,496,"Loop To filter->map->forEachOrdered",5
"more than ten years",md,dback,694,499,"Loop To filter->map->forEachOrdered",1
"more than ten years",md,dback,452,496,"Loop To filter->map->forEachOrdered",1
"more than ten years",hsg,dback,613,499,"Loop To filter->map->forEachOrdered",1
"between five and ten years",md,dmbile,138,496,"Loop To filter->map->forEachOrdered",3
"more than ten years",bd,dfullst,274,496,"Loop To filter->map->forEachOrdered",3
"more than ten years",md,dback,452,499,"Loop To filter->map->forEachOrdered",1
"between one and four years",bd,dfullst,391,509,"Loop To forEach",4
"less than one year",md,dmbile,79,492,"Loop To forEach",4
"more than ten years",bd,dfullst,264,504,"Loop To forEach",2
"between five and ten years",md,dfullst,675,516,"Loop To forEach",3
"more than ten years",md,dback,579,517,"Loop To forEach",3
"between one and four years",bd,dfullst,391,500,"Loop To forEach",4
"less than one year",md,dmbile,79,512,"Loop To forEach",3
"more than ten years",bd,dfullst,264,503,"Loop To forEach",2
"between five and ten years",md,dfullst,675,511,"Loop To forEach",4
"more than ten years",md,dback,583,502,"Loop To forEach",2
"more than ten years",bd,dfullst,264,509,"Loop To forEach",2
"between five and ten years",md,dfullst,370,510,"Loop To forEach",4
"between one and four years",dd,dmbile,80,504,"Loop To forEach",3
"more than ten years",md,dback,583,516,"Loop To forEach",2
"more than ten years",bd,dfullst,264,500,"Loop To forEach",3
"between five and ten years",md,dfullst,370,492,"Loop To forEach",3
"between one and four years",under,dfullst,373,517,"Loop To forEach",4
"between one and four years",dd,dmbile,80,503,"Loop To forEach",3
"more than ten years",md,dback,583,511,"Loop To forEach",2
"between five and ten years",md,dfullst,370,512,"Loop To forEach",4
"between five and ten years",under,dfullst,375,502,"Loop To forEach",4
"between one and four years",dd,dmbile,80,509,"Loop To forEach",3
"more than ten years",md,dback,583,510,"Loop To forEach",1
"between five and ten years",md,dfullst,675,510,"Loop To forEach",3
"between five and ten years",bd,dfullst,380,516,"Loop To forEach",2
"between one and four years",dd,dmbile,80,500,"Loop To forEach",3
"more than ten years",md,dfullst,584,492,"Loop To forEach",3
"less than one year",hsg,dfullst,260,517,"Loop To forEach",4
"less than one year",under,dmbile,800,504,"Loop To forEach",3
"between five and ten years",bd,dfullst,380,511,"Loop To forEach",2
"between one and four years",dd,dmbile,683,512,"Loop To forEach",4
"less than one year",hsg,dfullst,260,502,"Loop To forEach",4
"between five and ten years",md,dmbile,805,503,"Loop To forEach",2
"between five and ten years",bd,dfullst,380,510,"Loop To forEach",2
"less than one year",hsg,dfullst,260,516,"Loop To forEach",4
"between five and ten years",md,dmbile,805,509,"Loop To forEach",2
"more than ten years",md,dback,583,492,"Loop To forEach",1
"between one and four years",dd,dmbile,22,517,"Loop To forEach",3
"more than ten years",md,dfullst,584,504,"Loop To forEach",2
"between five and ten years",under,dmbile,261,511,"Loop To forEach",2
"between one and four years",dd,dmbile,22,502,"Loop To forEach",3
"between five and ten years",md,dmbile,805,500,"Loop To forEach",2
"more than ten years",md,dback,585,512,"Loop To forEach",2
"between one and four years",dd,dmbile,683,503,"Loop To forEach",4
"more than ten years",bd,dback,262,510,"Loop To forEach",3
"between one and four years",dd,dmbile,22,516,"Loop To forEach",3
"more than ten years",md,dfullst,584,509,"Loop To forEach",1
"between five and ten years",bd,dfullst,380,492,"Loop To forEach",2
"more than ten years",md,dback,585,504,"Loop To forEach",2
"less than one year",md,dmbile,79,511,"Loop To forEach",3
"more than ten years",bd,dfullst,776,517,"Loop To forEach",3
"between one and four years",dd,dmbile,683,500,"Loop To forEach",3
"between five and ten years",bd,dfullst,380,512,"Loop To forEach",2
"more than ten years",md,dback,585,503,"Loop To forEach",2
"less than one year",md,dmbile,79,510,"Loop To forEach",2
"more than ten years",bd,dfullst,776,502,"Loop To forEach",3
"more than ten years",md,dback,585,509,"Loop To forEach",2
"more than ten years",bd,dback,262,492,"Loop To forEach",4
"between one and four years",under,dback,385,504,"Loop To forEach",5
"between five and ten years",hsg,dback,785,516,"Loop To forEach",3
"between five and ten years",md,dfullst,675,517,"Loop To forEach",4
"more than ten years",md,dfullst,584,500,"Loop To forEach",1
"more than ten years",bd,dback,262,512,"Loop To forEach",2
"between five and ten years",bd,dback,387,503,"Loop To forEach",5
"between five and ten years",md,dfullst,370,511,"Loop To forEach",3
"more than ten years",md,dfullst,584,502,"Loop To forEach",2
"more than ten years",md,dfullst,153,489,"Loop To forEach->filter->forEachOrdered",2
"more than ten years",dd,dfullst,151,489,"Loop To forEach->filter->forEachOrdered",2
"more than ten years",md,dfullst,700,489,"Loop To forEach->filter->forEachOrdered",3
"more than ten years",md,dback,694,489,"Loop To forEach->filter->forEachOrdered",3
"between one and four years",bd,dback,447,489,"Loop To forEach->filter->forEachOrdered",4
"more than ten years",md,dback,452,489,"Loop To forEach->filter->forEachOrdered",2
"more than ten years",bd,dback,281,490,"Loop To map->filter->forEachOrdered",2
"more than ten years",md,dfullst,153,493,"Loop To map->filter->forEachOrdered",2
"more than ten years",md,dfullst,153,490,"Loop To map->filter->forEachOrdered",2
"more than ten years",dd,dfullst,151,493,"Loop To map->filter->forEachOrdered",3
"less than one year",dd,dback,17,490,"Loop To map->filter->forEachOrdered",3
"more than ten years",md,dmbile,831,490,"Loop To map->filter->forEachOrdered",3
"more than ten years",md,dfullst,700,493,"Loop To map->filter->forEachOrdered",2
"between five and ten years",md,dmbile,701,490,"Loop To map->filter->forEachOrdered",4
"more than ten years",md,dback,694,493,"Loop To map->filter->forEachOrdered",3
"more than ten years",md,dfullst,700,490,"Loop To map->filter->forEachOrdered",2
"between five and ten years",bd,dfullst,615,493,"Loop To map->filter->forEachOrdered",2
"between one and four years",hsg,dfullst,276,490,"Loop To map->filter->forEachOrdered",1
"more than ten years",bd,dback,281,493,"Loop To map->filter->forEachOrdered",2
"more than ten years",dd,dfullst,151,519,"Loop To map->filter->forEachOrdered|forEach",2
"more than ten years",md,dmbile,831,519,"Loop To map->filter->forEachOrdered|forEach",2
"between one and four years",bd,dback,689,519,"Loop To map->filter->forEachOrdered|forEach",2
"more than ten years",md,dback,607,519,"Loop To map->filter->forEachOrdered|forEach",2
"more than ten years",bd,dback,281,519,"Loop To map->filter->forEachOrdered|forEach",2
"between one and four years",hsg,dfullst,276,519,"Loop To map->filter->forEachOrdered|forEach",1
"more than ten years",md,dback,579,495,"Loop To map->forEachOrdered",1
"less than one year",md,dmbile,79,501,"Loop To map->forEachOrdered",4
"between one and four years",under,dfullst,373,495,"Loop To map->forEachOrdered",2
"less than one year",hsg,dfullst,260,495,"Loop To map->forEachOrdered",4
"between five and ten years",md,dfullst,370,501,"Loop To map->forEachOrdered",2
"between one and four years",dd,dmbile,22,495,"Loop To map->forEachOrdered",1
"between one and four years",dd,dmbile,683,501,"Loop To map->forEachOrdered",3
"more than ten years",md,dback,585,501,"Loop To map->forEachOrdered",3
"more than ten years",bd,dfullst,776,495,"Loop To map->forEachOrdered",2
"between one and four years",bd,dfullst,383,501,"Loop To map->forEachOrdered",5
"between five and ten years",md,dfullst,675,495,"Loop To map->forEachOrdered",2
"more than ten years",bd,dback,262,501,"Loop To map->forEachOrdered",4
"between one and four years",bd,dback,689,513,"Loop To map->reduce",3
"more than ten years",md,dback,606,488,"Loop To map->reduce",3
"more than ten years",md,dback,607,513,"Loop To map->reduce",3
"between one and four years",md,dmbile,419,488,"Loop To map->reduce",1
"between one and four years",md,dmbile,419,513,"Loop To map->reduce",4
"more than ten years",bd,dfullst,274,488,"Loop To map->reduce",1
"more than ten years",bd,dfullst,274,513,"Loop To map->reduce",2
"between five and ten years",md,dmbile,138,488,"Loop To map->reduce",2
"between five and ten years",md,dmbile,138,513,"Loop To map->reduce",4
"between one and four years",md,dmbile,502,488,"Loop To map->reduce",1
"between one and four years",md,dmbile,502,513,"Loop To map->reduce",2
"more than ten years",md,dback,607,488,"Loop To map->reduce",3
