Participant,Transformation,Type,Q7
264,486,"(for) to Filter -> Lambda","This code has problems."
592,486,"(for) to Filter -> Lambda","No. No benefits in performance. Who cares about a program that works? auto refactoring makes sense for more performance. If you want readability, comment the code and stay with more performant version. "
84,486,"(for) to Filter -> Lambda","Yes, the new code is cleaner and easier to understand."
30,547,"(for) to Filter/Collect -> Lambda","No.
There is no evidence of gain in terms of performance, simplicity or becomes code clear."
689,547,"(for) to Filter/Collect -> Lambda","The transformation is incorrect, `path` is not declared."
276,514,"(for) to Filter/ForEach -> Lambda",https://gist.github.com/theqp/67528a7b9d2d3490a595e822775b47cd
276,519,"(for) to Filter/ForEach -> Lambda","I love functional programming, I love lambda expressions
You have done many little mistakes
I have made my version with comments
Also a version made by IDEA which does a great job of generating lambda code. It is open source.
I hope it helps
https://gist.github.com/theqp/67528a7b9d2d3490a595e822775b47cd"
276,490,"(for) to Filter/ForEach -> Lambda",https://gist.github.com/theqp/67528a7b9d2d3490a595e822775b47cd
276,494,"(for) to Filter/ForEach -> Lambda",https://gist.github.com/theqp/67528a7b9d2d3490a595e822775b47cd
281,514,"(for) to Filter/ForEach -> Lambda","Again; does not go far enough:  I think we need to stream the annotations, join each with what class(es!?!) each is incompatible with, and collect a stream of errors from that.

What? This code does not report which annotations are in error? It only reports what you're incompatible with? How could that make any sense? We need to question the business requirements on this one."
281,519,"(for) to Filter/ForEach -> Lambda","Comprehension is strongly tied to familiarity.  Expect resistance until/unless people do and use lambdas more.
The given transformation is incomplete and inadequate:
The first lambda, which does validation, is pointless, redundant, and misleading. The validation should be done at the start of the second lambda.
Populating external collections from within stream operations is a perversion. The stream should produce the Set, not populate it as a side-effect."
281,490,"(for) to Filter/ForEach -> Lambda","In this case, I favor the procedural code, because we are not transforming data.  We are taking data, and doing something with each piece of data.  This works well as looping and conditional logic.  Doing it with streams seems forced.  I don't see the benefit."
281,493,"(for) to Filter/ForEach -> Lambda","As before, streams should produce collections as results, not populate them as side-effects.  If we fixed that, and broke to a new line before each transformation or filter, then I think it would be OK."
281,494,"(for) to Filter/ForEach -> Lambda","The ""manager"" assignment statement needs to be moved up one line.  And then the variable can be used in the ""if"" statement.

It bothers me that we're only going half way.  The other loop needs to be changed to.  Otherwise, we're inconsistent.  (Well, yes, I guess refactorings have to be done step by step.  So We should assume that there would be an additional lambda refactoring.)"
615,493,"(for) to Filter/ForEach -> Lambda","No. The transform doesn't make the code any more readable or maintainable."
138,496,"(for) to Filter/ForEach -> Lambda","I believe, in this example, the transformation is a small part of the method and it does not influence positively or negatively at all the legibility of the method. "
151,514,"(for) to Filter/ForEach -> Lambda","Again, the specific example is badly laid out and hard to read"
151,519,"(for) to Filter/ForEach -> Lambda","The formatting of the new code is dreadful, and makes the code harder to understand than the original."
151,489,"(for) to Filter/ForEach -> Lambda","It's a bad example ... although I use lambdas a lot, I would never use them in exactly this way"
151,493,"(for) to Filter/ForEach -> Lambda","The example is unreadable on this laptop screen.

There are better ways to write this code, such as Method Handles"
151,499,"(for) to Filter/ForEach -> Lambda",".map is the wrong primitive operation in this case"
153,494,"(for) to Filter/ForEach -> Lambda","I think lambda is not necessary. Maybe it ca be faster, but depending on the need of the code, the traditional code is better to write."
689,519,"(for) to Filter/ForEach -> Lambda","I wouldn't do throwable validations in a map. I'd prefer iterating through the collection twice: First to perform any validation, and then for processing the input."
689,496,"(for) to Filter/ForEach -> Lambda","No. I wouldn't perform a write operation inside a map()."
694,514,"(for) to Filter/ForEach -> Lambda","The new code is somewhat of a hybrid between structural loop style and functional map/filter/reduce style, i.e. a functional stream based transformation wrapped inside a regular loop. This sort of mixing of styles rarely makes things easier or better in my experience."
694,489,"(for) to Filter/ForEach -> Lambda","Almost never. Transforming for loops into forEach statements with lambda expressions provides little benefit other than using a maybe slightly more concise syntax. ""Readability"" in my mind is such a subjective criterion that it is close to useless as a metric for making any decisions: someone coming from a functional language will find a map/filter/reduce pipeline easier to ""read"", and someone coming from a structured programming language will naturally tend towards nested loops."
694,499,"(for) to Filter/ForEach -> Lambda","Since this is a void method it will, by definition, never be truly functional. Splitting the original code into a map -- with a side effect, no less! -- and a terminal operation with forEach construct does not really improve anything in my mind."
700,489,"(for) to Filter/ForEach -> Lambda",No
700,490,"(for) to Filter/ForEach -> Lambda","No, as the new version is longer, more difficult to read, and harder to understand."
700,493,"(for) to Filter/ForEach -> Lambda","No, I do not see a benefit."
700,494,"(for) to Filter/ForEach -> Lambda","The lamda has one block level less than the original. I'd only do the transformation if the innermost block were longer."
700,499,"(for) to Filter/ForEach -> Lambda","No. No advantage."
447,496,"(for) to Filter/ForEach -> Lambda",Maybe.
262,512,"(for) to ForEach -> Lambda","This should be a member reference "
264,503,"(for) to ForEach -> Lambda","I think that this survey needs to include a reason for making the transformation. New code - Sure, use the latest language features. It's easier to write clean, bug-free code this way. Legacy code that works - Leave it alone if it works."
264,504,"(for) to ForEach -> Lambda","It is important to leave working legacy code as-is.  If there is a bug that needs to be fixed, then syntactic sugar might be justifiable. Changing tested, working ""legacy"" code to use a new language feature is a bad idea because any change can potentially introduce unintended side effects, breaking the code. I would personally reject any commit where the only change is ""more readable""."
264,509,"(for) to ForEach -> Lambda","Again, ""How often would you perform this transformation?"" is a context-sensitive question.  New code? Yes.  Legacy code that is working, or needs a bugfix? No. Only make exactly the minimum change necessary to fix the bug."
22,516,"(for) to ForEach -> Lambda","Gain is marginal"
22,517,"(for) to ForEach -> Lambda","I consider both versions to be similar"
22,495,"(for) to ForEach -> Lambda","There is no gain"
22,497,"(for) to ForEach -> Lambda","No, I consider the gain in this case to be marginal."
22,502,"(for) to ForEach -> Lambda","I consider both versions similar"
583,516,"(for) to ForEach -> Lambda","This is literally the exact same example as the previous page. "
583,492,"(for) to ForEach -> Lambda","None of the examples you gave are the proper use of lambdas.

Obviously Java has no first-class functions, so we all developed various ""function objects"" and other hideous approximations to first-class functions. Lambdas should replace those usages, because those usages are fundamentally hacks designed to overcome a deficiency in the language.

On the other hand, iteration over collections is already supported extremely well by the language: For, while, do and for-each/iterable loops are perfectly servicable - there has never been a need to hack around iteration."
583,502,"(for) to ForEach -> Lambda","I would never perform this transformation. The for loop makes it clear an explicit that we are iterating over the elements in the collection - it is a fundamental part of the language that we all understand.

The lambda expression does not. Now, in this case, everyone knows that forEach will apply the lamda to each element in the collection, because it is properly named and well-documented. But what if it were not? What if the method was called ""apply"" or ""runLambda"" and had no or poor JavaDocs? Then we'd have to dive into the code or run some experiments to figure out what is going on."
583,511,"(for) to ForEach -> Lambda","I would not perform this transformation, and I am not seeing any substantive difference between any of these examples. "
584,492,"(for) to ForEach -> Lambda","I’m fairly sure that there is a better way to do that using stream."
584,500,"(for) to ForEach -> Lambda","I wouldn’t. Should use stream().map"
584,502,"(for) to ForEach -> Lambda","I would not. List.forEach makes sense only for calling a function or single statement lambda."
584,504,"(for) to ForEach -> Lambda","There’s a better way to fo it."
584,509,"(for) to ForEach -> Lambda","I wouldn’t. Should use stream().map"
585,512,"(for) to ForEach -> Lambda","No, it does not improve readability or clarity. It does make debugging more difficult though."
585,501,"(for) to ForEach -> Lambda","The code example lacked the context to understand what it was doing. Thus I can not evaluate it properly."
585,504,"(for) to ForEach -> Lambda","No, the transformation does not improve readability, but makes debugging more difficult."
79,512,"(for) to ForEach -> Lambda","There's little reason to perform such a small transformation apart from building a habit of using such expressions in the code. As such, I might still perform it, but more with the possibility of further changes down the line"
79,492,"(for) to ForEach -> Lambda","Because the variables in use mainly make use of the JCF, obfuscating data types is less of an issue and makes the code a good deal easier to read. I would gladly perform this transformation"
79,510,"(for) to ForEach -> Lambda","Obfuscating the types of the variables used makes the code easier to change, but at the same time may make it harder to debug. I would still perform the transformation though"
79,511,"(for) to ForEach -> Lambda","I would, but I doubt it'd have much of an impact. My main reason to do so would be to reinforce the habit of using lambda expressions."
385,504,"(for) to ForEach -> Lambda","Yes because the Reading of the function os better and for me is better to do a lambda expression than a ""normal"" forma "
674,497,"(for) to ForEach -> Lambda","If the loop body is very long, or most of the lambdas will be one-liners. "
675,495,"(for) to ForEach -> Lambda","With regards to this example my answer is no. However, there are cases where the use of Lambda expressions are more succinct, easier to read, understand and to debug when there are issues. The example above in my opinion showcases an example where an imperative style of code will be a better choice, perhaps it is what I am used to."
268,523,"(If) to anyMatch -> Lambda","No. The benefit isn't big enough to perform the transformation. "
273,526,"(If) to anyMatch -> Lambda",Yes
273,544,"(If) to anyMatch -> Lambda",Yes
273,546,"(If) to anyMatch -> Lambda",Yes
273,548,"(If) to anyMatch -> Lambda","Yes.  The new code is more elegant and turns much more clear the intention of find some occurrence where the condition is true."
273,552,"(If) to anyMatch -> Lambda",Yes.
84,529,"(If) to anyMatch -> Lambda","Yes, although both ways are easy to understand, we can combine multiple streams for more complex examples."
122,525,"(If) to anyMatch -> Lambda","'foreach' is prescribed as using `Iterable` whereas the Stream is constructed with a collection-specific `Spliterator`. This has the potential for much better performance characteristics (though we likely won't realise those benefits until Project Valhalla delivers inline-types to Java (and they are leveraged in the Stream internals)."
122,545,"(If) to anyMatch -> Lambda","If there were anticipated performance implications no. 'foreach' uses very efficient iteration here (including potentially eliminating most bounds checks). Streams are, by comparison, much more expensive.  It's possible that Project Valhalla reduces this to a negligible level via inlining (some inlining will already occur, though most of the methods will be polymorphic or megamorphic)"
122,546,"(If) to anyMatch -> Lambda","Again... there's nothing novel in this example... more of the same (we know 'wikiFactories' implements Iterable  or is an array, since we don't know which here, it's hard to comment)
"
122,548,"(If) to anyMatch -> Lambda","This is not meaningfully different...

Note that the correct form of wrapping an array in a Stream would be... Arrays.stream(typeArray)...

Arrays don't offer a stream method (though they could with a JLS translation to Arrays.stream(...) - certainly it is not a feature of Java 14 (currently in Release Candidate stage)."
122,552,"(If) to anyMatch -> Lambda","Again, another non-novel example...."
408,524,"(If) to anyMatch -> Lambda","I would use Method Reference at anyMatch.

.anyMatch(ReportClass::hasError)"
408,525,"(If) to anyMatch -> Lambda","This is the exact same case of the previous question, I keep the same opinion as described previously"
408,555,"(If) to anyMatch -> Lambda","I would always perform this transformation, but longer lines imply in less readable code and occasionally hard to debug codes due the difficulty of setting breakpoints in the expected instruction.

I would always perform this transformation, but I would use line breaks and filters to make the code more readable.
Eg:
```
methods.stream()
   .filter(method -> method.getAnnotation(annotation) == null)
    .anyMatch(method -> isMethodOverride(...))
```

Keeping in mind that Reflections are pretty slow, the use of the ``filter`` could also improve the performance, depending of the implementation of ``isMethodOverride``."
688,524,"(If) to anyMatch -> Lambda","Yes.  Potential performance improvements."
688,525,"(If) to anyMatch -> Lambda","Yes.  Potential performance improvements."
688,548,"(If) to anyMatch -> Lambda","Yes.  Potential performance improvements.

Note: Survey seems to focus on finding a single element in a given collection.  Lambda/Streams also provide mapping and filtering elements that also help when using these types of paradigms which do not appear to be covered by this survey."
688,549,"(If) to anyMatch -> Lambda","Yes as I think the need for helper automated transformation is helpful in improving existing java code.

Note: Keep in mind, there is benefit with using lambda functionality as it is designed to take more advantage of the multi-core/mult-threaded to provide some degree of concurrency improvements to potentially improve performance as well.  In other words, the for loop version is more sequential while the lambda version internally allows internal concurrency spread across cores."
688,555,"(If) to anyMatch -> Lambda","Yes.  Potential lambda performance improvements."
276,550,"Anonymous inner classes -> Lambda",https://gist.github.com/theqp/67528a7b9d2d3490a595e822775b47cd
285,515,"Anonymous inner classes -> Lambda","Yes, I would because nowadays languages have improved their syntax to provide a better and easy code to developers make their softwares, Java 8 introduced Lambda, where you can write less code and do more."
34,465,"Anonymous inner classes -> Lambda","Yes, I prefer the succint code."
547,528,"Anonymous inner classes -> Lambda","The lambda in the example is too wordy. `o -> o.getResolverName() != null` is equivalent and reads much better. "
547,506,"Anonymous inner classes -> Lambda","I tend to avoid try-catch in lambda expressions. I don't think it's bad to do so, but I personally don't do it, even if it means using an anonymous inner class."
301,543,"Anonymous inner classes -> Lambda","Yes can perform this tranamsformations"
567,471,"Anonymous inner classes -> Lambda","This exemple is quite trivial. But in more complex cases, lambda expression become quickly hard to read and debug. I am probably an old timer, bu I think that readability reamains the first quality of code."
567,479,"Anonymous inner classes -> Lambda","I hate Junit in the first place. "
574,477,"Anonymous inner classes -> Lambda","To avoid IDE warning."
66,540,"Anonymous inner classes -> Lambda","Sim, pois é menor."
66,460,"Anonymous inner classes -> Lambda","Eu uso lambda sempre que é possível para tornar o código menor e já estou habituado. A IDE que estou usando com mais frequencia (Netbeans) até oferece dicas para transformar um código sem lambda em um com."
66,461,"Anonymous inner classes -> Lambda","Sim, pois é menor."
66,470,"Anonymous inner classes -> Lambda","Sim, pois é menor."
66,481,"Anonymous inner classes -> Lambda","Sim, pois é menor."
334,522,"Anonymous inner classes -> Lambda","Yes, code readability was a factor"
334,468,"Anonymous inner classes -> Lambda","Yes, code readability was a factor"
337,480,"Anonymous inner classes -> Lambda","Easier to read, usually lambda also makes the code cleaner and compact"
610,538,"Anonymous inner classes -> Lambda","From my experience, for most programmers, understanding a lambda expression is as simple as an anonymous class.

This advantages, in addition to the simplicity and compact size of lambdas makes the code easier to read."
360,460,"Anonymous inner classes -> Lambda","Yes. 
I am programming with JS language using es6 for a while , so I am very familiar with this kind of expressions ."
625,515,"Anonymous inner classes -> Lambda","Yes, because lambda expressions are useful and easier to read."
635,491,"Anonymous inner classes -> Lambda","Code is cleaner and doesn't need to give name to unimportant methods."
635,498,"Anonymous inner classes -> Lambda","I wold do it because it's easier to write and the code get's cleaner."
635,507,"Anonymous inner classes -> Lambda","In fact, i didn't see clear in the older code that the programmer instantiated a method inside other."
639,456,"Anonymous inner classes -> Lambda","Yes, in a hurry, but with a minute more time i'd extract the filter into its own function. However, the suggested refactoring is in itself valuable because it does bring out the important part more. If an automated tool did this to a whole codebase, it would make debugging easier, especially for junior developers."
639,463,"Anonymous inner classes -> Lambda","No. I would refactor this straight to: invokeLater(this::updateStatusInfo);  with a static import to SwingUtils.invokeLater. This is the most concise way to express the intent and also the most common way i see it done. Using the bracket syntax suggests that updateStatusInfo() can not be called without some extra steps (e.g. it requires parameters) and this will demand the reader to re-check what exactly is invoked."
639,464,"Anonymous inner classes -> Lambda","No. Compared to the rest of the function body, that little boilerplate doesn't really slow down the reader. If i wasn't able to first make the upper part straightforward to read, i'd probably avoid touching this method altogether, in order to not leave a mark in version control. If an automated tool had left the same mark, that wouldn't matter."
639,469,"Anonymous inner classes -> Lambda","Absolutely, but only while renaming that property to something better. Now it seems that the question the predicate answers, can i xmlize,  is different from what the name suggests; do i xmlize? It looks like a filter condition, so that ""do i"" will be later posited by the filtering itself (e.g. you call filter() on a stream of input pages). Here an automated tool could probably see that property name matches its type name and look for any alternative, such as the method name or perhaps even do a little analysis on the body itself."
639,505,"Anonymous inner classes -> Lambda","I wouldn't bother. Compared to how much unclarity there is in that constructor, this particular refactoring offers very little value. "
644,464,"Anonymous inner classes -> Lambda","Would do it when touching code location, especially since it avoids worrying about non-static inner classes lifetime."
644,469,"Anonymous inner classes -> Lambda","Should use a Predicate interface instead."
644,506,"Anonymous inner classes -> Lambda","I doubt that the inclined codeblock is/stays short in this case, so it probably should suggest to move it to a method reference."
645,537,"Anonymous inner classes -> Lambda","JS - I'd change code to use async await syntax
Java - android is highly callback oriented so there's hardly any need for refactoring
Embedded devices - QT
Backend java server - groovy / grails"
651,518,"Anonymous inner classes -> Lambda","I, in particular, would obey criteria to the codes that involve privileges and return of those same privileges, I did not notice compatibility in the interface, the IDE interface in Netbeans also judges this care."
651,460,"Anonymous inner classes -> Lambda","No comments."
651,461,"Anonymous inner classes -> Lambda","No comments."
651,473,"Anonymous inner classes -> Lambda","Yes it would. Thus the codes would be simple and smaller, better for construction, saving space with more objectives, lean and speeding up the compilations. Note that the difference in the same code has been reduced and simplified, very good."
651,478,"Anonymous inner classes -> Lambda","In this sequence of code between the old and the new, you have to be careful about hiding the throws. Some divergence criteria must have certain relevances, in addition to performing error control and depending on the keyword can direct to other classes and using the subclass throwable arrow the most correct paths. Already using (->), direct and specify, it is meaningless."
657,478,"Anonymous inner classes -> Lambda","Probably not on working (legacy) code unless management is supportive and/or understands the cost/benefit and/or risk involved.  Too many programmers don't know how to write clean code and/or are willing to re-factor their own precious work. Every day I have to deal with such horrible code that I get gun shy about even touching it much less performing much needed re-factoring. "
664,507,"Anonymous inner classes -> Lambda","I believe that even been more difficult to understand the writing for a new developer. It over the time will considered normal and than will raise the benefits of the concise writing."
674,474,"Anonymous inner classes -> Lambda","Yes,
I'd also delete the function and copy the one-line body to the callsites to reduce mental indirection. "
183,550,"Anonymous inner classes -> Lambda","If code is common and unlikely to require debugging, then its good for brevity.  Otherwise no."
189,532,"Anonymous inner classes -> Lambda","If it appears repeatedly in the same piece of code, the overall gain could get significant."
190,538,"Anonymous inner classes -> Lambda","I would if it was reliably and, most importantly, correctly automated."
702,538,"Anonymous inner classes -> Lambda","Not sure why you had five examples of converting a Runnable to a lambda; I have a hard time seeing how anyone could answer the various questions differently."
191,538,"Anonymous inner classes -> Lambda","Boilerplate is reduced. With tools like intellij dubugging is as easy as with an anonymous inner class"
706,542,"Anonymous inner classes -> Lambda","Probably not. It's weird to see the indentation of the if to be further right than the ""delegate.reportsCancelled();"""
706,465,"Anonymous inner classes -> Lambda","I would but I don't like how the variable name is kept as ""r"". Since we are losing the explicit type declaration, I would prefer it to be renamed to ""runnable"" instead."
706,491,"Anonymous inner classes -> Lambda","Probably. I like how the return gets converted to an one-liner in the end. It makes the lambdas easier to read, but I worry about scenarios where it's too long and you need to scroll the screen from left to right. Also, why is ""name"" renamed to ""name1""? I don't like that."
706,498,"Anonymous inner classes -> Lambda","It's just very clean."
203,456,"Anonymous inner classes -> Lambda","Maybe not a complex return on one line"
203,464,"Anonymous inner classes -> Lambda","yes, perfect case for lambda, short, clear"
203,469,"Anonymous inner classes -> Lambda","yes, pefect for lambda"
203,484,"Anonymous inner classes -> Lambda","Direct and shorter"
203,505,"Anonymous inner classes -> Lambda","yes, clear by contex"
461,467,"Anonymous inner classes -> Lambda","To generate more classfiles if paid for :)"
717,480,"Anonymous inner classes -> Lambda","It is quite easy to read."
479,498,"Anonymous inner classes -> Lambda","In case of simple transformation, the code readability has improved and it's looks more clean. There isnt performance benefits but the code isn't cluttered."
739,487,"Anonymous inner classes -> Lambda","Yes. Readability."
229,471,"Anonymous inner classes -> Lambda","I would often instead use the method reference syntax ""test::runBare""."
229,473,"Anonymous inner classes -> Lambda","Yes, absolutely, clearer intent, more expressive, easier to read and comprehend."
229,475,"Anonymous inner classes -> Lambda","This is still pretty hard to read and understand on account of a) the hard cast of the lambda to Callable<Object>, which seems weird - is this necessary? Isn't it at least a Callable<T>? b) Why a ""checkThat"" method is calling ""checkSucceeds"" which seems a little like jumping to a conclusion."
229,487,"Anonymous inner classes -> Lambda","I don't think you need to specify (File file), do you? You could just say ""file"" and let the type get inferred? Unless CollectionUtils.select is overloaded and takes multiple different functional types. My IDE would tell me."
749,508,"Anonymous inner classes -> Lambda","I would sometimes make this change, but not always because it is only making the code more succinct "
505,521,"Anonymous inner classes -> Lambda","I would refactor this code, but by creating a separate method which returns the Method (that code is duplicated in the current method getMethod). It would then make sense to use a lambda expression to call that new method."
505,534,"Anonymous inner classes -> Lambda","I would not rewrite legacy code to introduce a lambda expression in this way, unless the inner code itself would have to be rewritten."
505,535,"Anonymous inner classes -> Lambda","I would not rewrite legacy code to introduce a lambda expression in this way, unless the inner code itself would have to be rewritten."
505,554,"Anonymous inner classes -> Lambda","Yes, there is a lot of overhead when creating and instantiating a new inner class for just calling one method. The code is more readable and comprehensible when using lambda expressions in this case."
505,485,"Anonymous inner classes -> Lambda","I would not rewrite legacy code to introduce a lambda expression in this way, unless the inner code itself would have to be rewritten."
