Transformation;_Type;Q1
1027;"(for) to Map/Collect  -> Lambda";4
1027;"(for) to Map/Collect  -> Lambda";4
1027;"(for) to Map/Collect  -> Lambda";4
1027;"(for) to Map/Collect  -> Lambda";2
1027;"(for) to Map/Collect  -> Lambda";2
1027;"(for) to Map/Collect  -> Lambda";3
1027;"(for) to Map/Collect  -> Lambda";3
1027;"(for) to Map/Collect  -> Lambda";4
1027;"(for) to Map/Collect  -> Lambda";2
1027;"(for) to Map/Collect  -> Lambda";4
1027;"(for) to Map/Collect  -> Lambda";4
1027;"(for) to Map/Collect  -> Lambda";5
1027;"(for) to Map/Collect  -> Lambda";5
1027;"(for) to Map/Collect  -> Lambda";2
1035;"(for) to Map -> Lambda";4
1035;"(for) to Map -> Lambda";4
1035;"(for) to Map -> Lambda";5
1035;"(for) to Map -> Lambda";2
1035;"(for) to Map -> Lambda";3
1035;"(for) to Map -> Lambda";3
1035;"(for) to Map -> Lambda";4
1035;"(for) to Map -> Lambda";4
1035;"(for) to Map -> Lambda";5
1035;"(for) to Map -> Lambda";4
1035;"(for) to Map -> Lambda";3
1035;"(for) to Map -> Lambda";5
1035;"(for) to Map -> Lambda";5
1035;"(for) to Map -> Lambda";2
1052;"(for) to Map/Collect  -> Lambda";4
1052;"(for) to Map/Collect  -> Lambda";4
1052;"(for) to Map/Collect  -> Lambda";4
1052;"(for) to Map/Collect  -> Lambda";2
1052;"(for) to Map/Collect  -> Lambda";4
1052;"(for) to Map/Collect  -> Lambda";3
1052;"(for) to Map/Collect  -> Lambda";3
1052;"(for) to Map/Collect  -> Lambda";4
1052;"(for) to Map/Collect  -> Lambda";4
1052;"(for) to Map/Collect  -> Lambda";4
1052;"(for) to Map/Collect  -> Lambda";4
1052;"(for) to Map/Collect  -> Lambda";5
1052;"(for) to Map/Collect  -> Lambda";5
1052;"(for) to Map/Collect  -> Lambda";2
1062;"(for) to Filter -> Lambda";5
1062;"(for) to Filter -> Lambda";3
1062;"(for) to Filter -> Lambda";3
1062;"(for) to Filter -> Lambda";5
1062;"(for) to Filter -> Lambda";3
1062;"(for) to Filter -> Lambda";4
1062;"(for) to Filter -> Lambda";3
1062;"(for) to Filter -> Lambda";4
1062;"(for) to Filter -> Lambda";4
1062;"(for) to Filter -> Lambda";4
1062;"(for) to Filter -> Lambda";4
1062;"(for) to Filter -> Lambda";3
1062;"(for) to Filter -> Lambda";2
1062;"(for) to Filter -> Lambda";4
1166;"(for) to ForEach -> Lambda";3
1166;"(for) to ForEach -> Lambda";3
1166;"(for) to ForEach -> Lambda";2
1166;"(for) to ForEach -> Lambda";2
1166;"(for) to ForEach -> Lambda";2
1166;"(for) to ForEach -> Lambda";4
1166;"(for) to ForEach -> Lambda";3
1166;"(for) to ForEach -> Lambda";4
1166;"(for) to ForEach -> Lambda";3
1166;"(for) to ForEach -> Lambda";4
1166;"(for) to ForEach -> Lambda";4
1166;"(for) to ForEach -> Lambda";3
1166;"(for) to ForEach -> Lambda";2
1166;"(for) to ForEach -> Lambda";4
1180;"Anonymous inner classes -> Lambda";5
1180;"Anonymous inner classes -> Lambda";3
1180;"Anonymous inner classes -> Lambda";2
1180;"Anonymous inner classes -> Lambda";1
1180;"Anonymous inner classes -> Lambda";4
1180;"Anonymous inner classes -> Lambda";3
1180;"Anonymous inner classes -> Lambda";4
1180;"Anonymous inner classes -> Lambda";4
1180;"Anonymous inner classes -> Lambda";4
1180;"Anonymous inner classes -> Lambda";4
1180;"Anonymous inner classes -> Lambda";5
1180;"Anonymous inner classes -> Lambda";4
1180;"Anonymous inner classes -> Lambda";2
1180;"Anonymous inner classes -> Lambda";4
1182;"(for) to ForEach -> Lambda";3
1182;"(for) to ForEach -> Lambda";3
1182;"(for) to ForEach -> Lambda";1
1182;"(for) to ForEach -> Lambda";2
1182;"(for) to ForEach -> Lambda";2
1182;"(for) to ForEach -> Lambda";3
1182;"(for) to ForEach -> Lambda";2
1182;"(for) to ForEach -> Lambda";4
1182;"(for) to ForEach -> Lambda";2
1182;"(for) to ForEach -> Lambda";4
1182;"(for) to ForEach -> Lambda";3
1182;"(for) to ForEach -> Lambda";2
1182;"(for) to ForEach -> Lambda";3
1182;"(for) to ForEach -> Lambda";4
1183;"(for) to Filter/ForEach -> Lambda";4
1183;"(for) to Filter/ForEach -> Lambda";3
1183;"(for) to Filter/ForEach -> Lambda";2
1183;"(for) to Filter/ForEach -> Lambda";2
1183;"(for) to Filter/ForEach -> Lambda";2
1183;"(for) to Filter/ForEach -> Lambda";3
1183;"(for) to Filter/ForEach -> Lambda";1
1183;"(for) to Filter/ForEach -> Lambda";4
1183;"(for) to Filter/ForEach -> Lambda";4
1183;"(for) to Filter/ForEach -> Lambda";4
1183;"(for) to Filter/ForEach -> Lambda";5
1183;"(for) to Filter/ForEach -> Lambda";2
1183;"(for) to Filter/ForEach -> Lambda";3
1183;"(for) to Filter/ForEach -> Lambda";4
1192;"(for) to Filter/ForEach -> Lambda";4
1192;"(for) to Filter/ForEach -> Lambda";3
1192;"(for) to Filter/ForEach -> Lambda";2
1192;"(for) to Filter/ForEach -> Lambda";5
1192;"(for) to Filter/ForEach -> Lambda";4
1192;"(for) to Filter/ForEach -> Lambda";2
1192;"(for) to Filter/ForEach -> Lambda";3
1192;"(for) to Filter/ForEach -> Lambda";4
1192;"(for) to Filter/ForEach -> Lambda";4
1192;"(for) to Filter/ForEach -> Lambda";3
1192;"(for) to Filter/ForEach -> Lambda";4
1192;"(for) to Filter/ForEach -> Lambda";2
1192;"(for) to Filter/ForEach -> Lambda";3
1192;"(for) to Filter/ForEach -> Lambda";1
1192;"(for) to Filter/ForEach -> Lambda";4
