Transformation;_Type;Q1
1042;"Anonymous inner classes -> Lambda";3
1042;"Anonymous inner classes -> Lambda";4
1042;"Anonymous inner classes -> Lambda";4
1042;"Anonymous inner classes -> Lambda";2
1042;"Anonymous inner classes -> Lambda";4
1042;"Anonymous inner classes -> Lambda";2
1042;"Anonymous inner classes -> Lambda";4
1042;"Anonymous inner classes -> Lambda";5
1180;"Anonymous inner classes -> Lambda";2
1180;"Anonymous inner classes -> Lambda";4
1180;"Anonymous inner classes -> Lambda";4
1180;"Anonymous inner classes -> Lambda";5
1180;"Anonymous inner classes -> Lambda";5
1180;"Anonymous inner classes -> Lambda";4
1180;"Anonymous inner classes -> Lambda";5
1180;"Anonymous inner classes -> Lambda";5
1180;"Anonymous inner classes -> Lambda";5
1180;"Anonymous inner classes -> Lambda";5
1070;"Anonymous inner classes -> Lambda";3
1070;"Anonymous inner classes -> Lambda";3
1070;"Anonymous inner classes -> Lambda";2
1070;"Anonymous inner classes -> Lambda";2
1070;"Anonymous inner classes -> Lambda";5
1070;"Anonymous inner classes -> Lambda";4
1070;"Anonymous inner classes -> Lambda";5
1070;"Anonymous inner classes -> Lambda";3
1070;"Anonymous inner classes -> Lambda";4
1070;"Anonymous inner classes -> Lambda";4
1178;"Anonymous inner classes -> Lambda";4
1178;"Anonymous inner classes -> Lambda";4
1178;"Anonymous inner classes -> Lambda";3
1178;"Anonymous inner classes -> Lambda";4
1178;"Anonymous inner classes -> Lambda";4
1178;"Anonymous inner classes -> Lambda";5
1178;"Anonymous inner classes -> Lambda";5
1178;"Anonymous inner classes -> Lambda";3
1178;"Anonymous inner classes -> Lambda";5
1178;"Anonymous inner classes -> Lambda";2
1178;"Anonymous inner classes -> Lambda";4
1060;"(for) to ForEach -> Lambda";2
1060;"(for) to ForEach -> Lambda";4
1060;"(for) to ForEach -> Lambda";3
1060;"(for) to ForEach -> Lambda";5
1060;"(for) to ForEach -> Lambda";4
1060;"(for) to ForEach -> Lambda";4
1060;"(for) to ForEach -> Lambda";3
1060;"(for) to ForEach -> Lambda";3
1060;"(for) to ForEach -> Lambda";2
1060;"(for) to ForEach -> Lambda";3
1185;"(for) to ForEach -> Lambda";1
1185;"(for) to ForEach -> Lambda";3
1185;"(for) to ForEach -> Lambda";4
1185;"(for) to ForEach -> Lambda";5
1185;"(for) to ForEach -> Lambda";4
1185;"(for) to ForEach -> Lambda";5
1185;"(for) to ForEach -> Lambda";4
1185;"(for) to ForEach -> Lambda";3
1185;"(for) to ForEach -> Lambda";4
1185;"(for) to ForEach -> Lambda";4
1185;"(for) to ForEach -> Lambda";4
1026;"(for) to ForEach -> Lambda";2
1026;"(for) to ForEach -> Lambda";4
1026;"(for) to ForEach -> Lambda";3
1026;"(for) to ForEach -> Lambda";1
1026;"(for) to ForEach -> Lambda";3
1026;"(for) to ForEach -> Lambda";2
1026;"(for) to ForEach -> Lambda";4
1026;"(for) to ForEach -> Lambda";2
1188;"(for) to ForEach -> Lambda";3
1188;"(for) to ForEach -> Lambda";4
1188;"(for) to ForEach -> Lambda";4
1188;"(for) to ForEach -> Lambda";4
1188;"(for) to ForEach -> Lambda";5
1188;"(for) to ForEach -> Lambda";5
1188;"(for) to ForEach -> Lambda";5
1188;"(for) to ForEach -> Lambda";3
1188;"(for) to ForEach -> Lambda";4
1188;"(for) to ForEach -> Lambda";3
1061;"(for) to Filter -> Lambda";3
1061;"(for) to Filter -> Lambda";4
1061;"(for) to Filter -> Lambda";5
1061;"(for) to Filter -> Lambda";5
1061;"(for) to Filter -> Lambda";4
1061;"(for) to Filter -> Lambda";5
1061;"(for) to Filter -> Lambda";5
1061;"(for) to Filter -> Lambda";4
1061;"(for) to Filter -> Lambda";5
1061;"(for) to Filter -> Lambda";2
1061;"(for) to Filter -> Lambda";3
1183;"(for) to Filter/ForEach -> Lambda";3
1183;"(for) to Filter/ForEach -> Lambda";4
1183;"(for) to Filter/ForEach -> Lambda";5
1183;"(for) to Filter/ForEach -> Lambda";4
1183;"(for) to Filter/ForEach -> Lambda";4
1183;"(for) to Filter/ForEach -> Lambda";2
1183;"(for) to Filter/ForEach -> Lambda";3
1183;"(for) to Filter/ForEach -> Lambda";3
1183;"(for) to Filter/ForEach -> Lambda";4
1022;"(for) to Map/Collect  -> Lambda";2
1022;"(for) to Map/Collect  -> Lambda";5
1022;"(for) to Map/Collect  -> Lambda";5
1022;"(for) to Map/Collect  -> Lambda";4
1022;"(for) to Map/Collect  -> Lambda";4
1022;"(for) to Map/Collect  -> Lambda";4
1022;"(for) to Map/Collect  -> Lambda";5
1022;"(for) to Map/Collect  -> Lambda";3
1192;"(for) to Filter/ForEach -> Lambda";2
1192;"(for) to Filter/ForEach -> Lambda";3
1192;"(for) to Filter/ForEach -> Lambda";4
1192;"(for) to Filter/ForEach -> Lambda";5
1192;"(for) to Filter/ForEach -> Lambda";5
1192;"(for) to Filter/ForEach -> Lambda";5
1192;"(for) to Filter/ForEach -> Lambda";3
1192;"(for) to Filter/ForEach -> Lambda";3
1192;"(for) to Filter/ForEach -> Lambda";3
1192;"(for) to Filter/ForEach -> Lambda";5
1192;"(for) to Filter/ForEach -> Lambda";3
