_Type;Transformation;Loc_Before;Loc_After;Complex_Before;Complex_After;Posnet_Before;Posnet_After;Posnet_Token_Before;Posnet_Token_After;RayBuse_Before;RayBuse_Token_After
"Anonymous inner classes -> Lambda";1015;6;6;2;2;3.46;3.29;9.14;8.96;0.889;0.893
"(for) to Map/Collect  -> Lambda";1021;9;5;1;1;NAN;NAN;NAN;NAN;0.048;0.776
"(for) to Map/Collect  -> Lambda";1022;13;9;3;1;5.38;4.62;10.45;9.87;0.000;0.000
"Anonymous inner classes -> Lambda";1023;12;5;1;1;NAN;NAN;NAN;NAN;0.032;0.755
"Anonymous inner classes -> Lambda";1024;19;13;1;1;9.83;7.13;14.41;11.83;0.001;0.033
"(for) to ForEach -> Lambda";1026;7;12;2;3;4.39;6.66;9.34;11.42;0.039;0.000
"(for) to Map/Collect  -> Lambda";1027;8;5;2;2;4.93;3.51;9.51;8.11;0.026;0.039
"(for) to Map/Collect  -> Lambda";1028;15;9;1;1;8.52;5.65;13.11;10.57;0.000;0.000
"(for) to ForEach -> Lambda";1029;6;11;2;3;4.01;6.28;8.94;11.03;0.014;0.000
"(for) to ForEach -> Lambda";1032;14;12;3;3;4.87;5.23;9.52;10.42;0.000;0.000
"Anonymous inner classes -> Lambda";1033;10;7;2;2;7.12;5.74;11.24;10.07;0.199;0.619
"Anonymous inner classes -> Lambda";1034;13;9;1;1;7.15;5.24;11.62;9.87;0.015;0.046
"(for) to Map -> Lambda";1035;22;11;1;1;11.56;6.26;15.81;11.18;0.000;0.000
"Anonymous inner classes -> Lambda";1036;7;11;1;1;NAN;6.15;NAN;11.64;0.820;0.084
"Anonymous inner classes -> Lambda";1038;10;3;1;1;6.46;3.12;11.06;8.02;0.003;0.212
"Anonymous inner classes -> Lambda";1040;14;19;1;1;7.64;NAN;12.98;NAN;0.000;0.000
"Anonymous inner classes -> Lambda";1041;20;18;3;3;9.77;8.8;14.52;13.66;0.000;0.000
"Anonymous inner classes -> Lambda";1042;15;12;3;3;8.68;7.35;13.45;12.18;0.003;0.021
"Anonymous inner classes -> Lambda";1043;8;3;1;1;5.03;2.88;9.69;7.75;0.270;0.971
"Anonymous inner classes -> Lambda";1044;9;5;1;1;5.05;3.57;9.91;8.48;0.344;0.917
"Anonymous inner classes -> Lambda";1045;8;5;1;1;5.36;3.95;10.29;8.87;0.312;0.839
"Anonymous inner classes -> Lambda";1046;8;12;3;3;3.26;5.65;9.21;11.33;0.094;0.010
"Anonymous inner classes -> Lambda";1051;15;16;1;1;6.14;6.66;11.81;12.19;0.002;0.000
"(for) to Map/Collect  -> Lambda";1052;10;6;2;1;5.71;NAN;10.63;NAN;0.005;0.053
"Anonymous inner classes -> Lambda";1053;15;9;1;1;7.27;4.41;12.4;9.8;0.000;0.000
"(for) to ForEach -> Lambda";1054;12;6;5;2;5.2;4.02;9.93;8.94;0.021;0.447
"(for) to Map/Collect  -> Lambda";1059;11;9;2;2;6.01;5.15;10.54;9.68;0.012;0.018
"(for) to ForEach -> Lambda";1060;9;12;2;2;5.63;7.74;10.28;11.97;0.168;0.018
"(for) to Filter -> Lambda";1061;11;5;3;1;6.47;3.81;10.82;8.51;0.043;0.944
"(for) to Filter -> Lambda";1062;9;3;3;1;5.67;2.91;10.29;7.78;0.046;0.969
"Anonymous inner classes -> Lambda";1063;5;5;1;1;NAN;NAN;NAN;NAN;0.931;0.761
"Anonymous inner classes -> Lambda";1064;15;10;2;2;7.59;5.53;12.63;10.55;0.002;0.014
"Anonymous inner classes -> Lambda";1065;20;15;2;2;9.14;7.06;14.72;12.69;0.000;0.000
"Anonymous inner classes -> Lambda";1066;18;11;1;1;8.43;NAN;13.99;NAN;0.000;0.000
"(for) to ForEach -> Lambda";1067;9;7;3;3;6;NAN;10.87;NAN;0.043;0.093
"(for) to Map/Collect  -> Lambda";1068;8;8;1;1;NAN;NAN;NAN;NAN;0.049;0.009
"(for) to ForEach -> Lambda";1069;17;8;6;6;7.48;NAN;12.76;NAN;0.000;0.000
"Anonymous inner classes -> Lambda";1070;7;8;1;1;NAN;NAN;NAN;NAN;0.393;0.081
"Anonymous inner classes -> Lambda";1072;8;16;1;2;4.51;7.4;9.73;12.41;0.142;0.000
"(for) to ForEach -> Lambda";1166;3;4;2;2;4.65;5.69;8.53;9.15;0.721;0.404
"(for) to ForEach -> Lambda";1167;7;13;2;2;5.54;8.92;9.83;12.46;0.186;0.003
"(for) to Filter/ForEach -> Lambda";1168;8;10;4;3;5.04;6.43;9.69;10.84;0.022;0.004
"(for) to ForEach -> Lambda";1169;11;17;2;2;4.66;9.28;9.5;13.46;0.005;0.000
"(for) to ForEach -> Lambda";1170;15;26;4;4;6.6;12.94;11.32;16.9;0.003;0.000
"(for) to ForEach -> Lambda";1172;17;15;2;3;7.38;7.01;11.8;11.51;0.002;0.001
"Anonymous inner classes -> Lambda";1174;10;6;1;1;NAN;NAN;NAN;NAN;0.053;0.512
"Anonymous inner classes -> Lambda";1175;17;14;3;3;8.58;6.98;13.2;11.87;0.000;0.000
"Anonymous inner classes -> Lambda";1176;20;16;1;1;10.94;8.98;15.26;13.51;0.000;0.004
"Anonymous inner classes -> Lambda";1177;11;7;1;1;NAN;NAN;NAN;NAN;0.071;0.728
"Anonymous inner classes -> Lambda";1178;16;7;3;3;-0.37;0.72;4.31;6.22;0.000;0.000
"Anonymous inner classes -> Lambda";1179;8;8;1;1;2.75;2.72;8.63;8.63;0.000;0.000
"Anonymous inner classes -> Lambda";1180;9;4;1;1;5.28;2.92;9.95;7.7;0.831;1.000
"(for) to ForEach -> Lambda";1181;10;18;2;2;6.44;NAN;11.18;NAN;0.000;0.000
"(for) to ForEach -> Lambda";1182;9;13;3;3;3.82;6.28;8.75;10.57;0.000;0.000
"(for) to Filter/ForEach -> Lambda";1183;9;12;3;2;6.47;7.96;10.76;12.3;0.017;0.002
"(for) to ForEach -> Lambda";1184;19;25;4;4;6.6;10.91;11.75;15.38;0.000;0.000
"(for) to ForEach -> Lambda";1185;10;9;2;2;4.97;5.44;10.4;10.62;0.194;0.143
"(for) to ForEach -> Lambda";1186;13;13;2;2;6.55;6.98;11.95;12.29;0.077;0.076
"(for) to ForEach -> Lambda";1187;10;9;2;2;5.14;5.2;10.09;10.26;0.004;0.002
"(for) to ForEach -> Lambda";1188;9;9;2;2;4.57;4.95;10.36;10.75;0.005;0.004
"(for) to ForEach -> Lambda";1189;9;9;2;2;4.78;5.04;10.18;10.48;0.020;0.017
"(for) to ForEach -> Lambda";1190;8;8;2;2;4.88;NAN;10.49;NAN;0.002;0.002
"(for) to ForEach -> Lambda";1191;20;16;3;3;8.61;7.84;13.77;12.9;0.000;0.005
"(for) to Filter/ForEach -> Lambda";1192;16;12;3;2;5.65;5.17;10.97;10.57;0.000;0.001
"(for) to ForEach -> Lambda";1193;9;9;2;2;5.11;5.43;9.99;10.32;0.060;0.043
"(for) to ForEach -> Lambda";1194;8;8;2;2;5.38;5.64;9.77;10.05;0.114;0.079
