diff_id;_Type;Transformation;Loc_Before;Loc_After;Complex_Before;Complex_After;Posnet_Before;Posnet_After;RayBuse_Before;RayBuse_After
diff-a2afc5fdcf3469676fe934fb27ff465a-20190109002712;"Anonymous inner classes -> Lambda";1015;6;6;2;2;0,027;0,084;0,529;0,544
diff-b8d56c1e212b1e2b113c91aeb2c19cd8-20190109002738;"(for) to Map/Collect  -> Lambda";1021;8;4;1;1;0,016;0,019;0,025;0,045
diff-d663fea3b2dce1447b9948bc83ad3683-20190109002742;"(for) to Map/Collect  -> Lambda";1022;15;8;3;1;0,069;0,04;0;0
diff-1772454fe9f81a5d5335a08354ea68be-20190109002747;"Anonymous inner classes -> Lambda";1023;11;4;1;1;0,002;0,015;0,263;0,094
diff-d1aadeca7890eb5e0471d5d3ef093f3f-20190109002751;"Anonymous inner classes -> Lambda";1024;18;12;1;1;0,006;0,02;0,274;0,405
diff-64e48651bda9668a3a875987cf4e0d3e-20190109002800;"(for) to ForEach -> Lambda";1026;6;11;2;3;0,258;0,294;0,015;0,009
diff-ccaccee397a7ef2b2eeb0bc77955b0c6-20190109002804;"(for) to Map/Collect  -> Lambda";1027;8;5;2;2;0,029;0,059;0,075;0,014
diff-fc975bebe7796242f64c8a49d280117c-20190109002808;"(for) to Map/Collect  -> Lambda";1028;13;7;1;1;0,008;0,036;0;0
diff-64e48651bda9668a3a875987cf4e0d3e-20190109002813;"(for) to ForEach -> Lambda";1029;6;11;2;3;0,257;0,294;0,016;0,01
diff-8959bb9f9175411018c491b97ae0806e-20190109002827;"(for) to ForEach -> Lambda";1032;13;9;4;3;0,786;0,481;0,002;0
diff-325ebb5b674954b41de7b2f1caaac600-20190109002832;"Anonymous inner classes -> Lambda";1033;9;6;2;2;0,009;0,007;0,562;0,532
diff-596a76be3d75c06208d9cf419e05c61d-20190109002835;"Anonymous inner classes -> Lambda";1034;11;8;1;1;0,025;0,043;0,354;0,19
diff-b70350cbaa584e955f89a1c444a466c1-20190109002839;"(for) to Map -> Lambda";1035;22;11;1;1;0,009;0,068;0,049;0,021
diff-81c4ecd721868f3875ca8390cb33d9ac-20190109002843;"Anonymous inner classes -> Lambda";1036;6;10;1;1;0,002;0,011;0,213;0,125
diff-786d5dfd7f5e10d3aebe3ecd4dca3070-20190109002851;"Anonymous inner classes -> Lambda";1038;9;2;1;1;0,244;0,223;0,002;0,001
diff-444b69fe4a1cc121a1333d7784704f5e-20190109002900;"Anonymous inner classes -> Lambda";1040;14;19;1;1;0,028;0,033;0,001;0
diff-c00b643f2fa9fd24f5e41df33667dab3-20190109002905;"Anonymous inner classes -> Lambda";1041;19;17;3;3;0,085;0,089;0,007;0,007
diff-6dbcd7b0eb0e8bfaec46ef6585f8dc6a-20190109002909;"Anonymous inner classes -> Lambda";1042;14;11;3;3;0,001;0,002;0,089;0,099
diff-6dbcd7b0eb0e8bfaec46ef6585f8dc6a-20190109002914;"Anonymous inner classes -> Lambda";1043;7;2;1;1;0,398;0,227;0,065;0,079
diff-a870f956ab46d1ea20a267b7b7e178aa-20190109002918;"Anonymous inner classes -> Lambda";1044;8;4;1;1;0,291;0,173;0,046;0,218
diff-a870f956ab46d1ea20a267b7b7e178aa-20190109002921;"Anonymous inner classes -> Lambda";1045;7;4;1;1;0,074;0,07;0,064;0,191
diff-70127ee1ccd288fc48bab1e941023361-20190109002925;"Anonymous inner classes -> Lambda";1046;7;10;3;3;0,112;0,062;0,083;0,029
diff-70127ee1ccd288fc48bab1e941023361-20190109002946;"Anonymous inner classes -> Lambda";1051;14;17;2;2;0,015;0,023;0,027;0,01
diff-37b7ff89b52726a431d8fc73423ffd79-20190109002951;"(for) to Map/Collect  -> Lambda";1052;9;6;2;1;0,05;0,015;0,062;0,075
diff-ca76d22f3669b4c5f8955c445e291079-20190109002955;"Anonymous inner classes -> Lambda";1053;14;8;1;1;0,993;0,941;0;0
diff-241fb54b6817fdeccb9de857051ca79a-20190109002959;"(for) to ForEach -> Lambda";1054;10;4;5;2;0,013;0,042;0,094;0,008
diff-bd123d476b4046fba0c04ed1536a5725-20190109003022;"(for) to Map/Collect  -> Lambda";1059;10;8;2;2;0,082;0,027;0,048;0,073
diff-16b47531aa190de6100123b8f68582a2-20190109003026;"(for) to ForEach -> Lambda";1060;8;11;2;2;0,015;0,008;0,233;0,159
diff-16b47531aa190de6100123b8f68582a2-20190109003029;"(for) to Filter -> Lambda";1061;10;4;3;1;0,011;0,024;0,136;0,123
diff-16b47531aa190de6100123b8f68582a2-20190109003032;"(for) to Filter -> Lambda";1062;9;3;3;1;0,007;0,035;0,26;0,208
diff-82984a3951d9fc77df2cd9d6421dc5d6-20190109003037;"Anonymous inner classes -> Lambda";1063;4;4;1;1;0,007;0,019;0,405;0,051
diff-0d5a8af55d0dc1e3f95ef157fa30cc23-20190109003041;"Anonymous inner classes -> Lambda";1064;14;10;2;2;0,003;0,008;0,083;0,054
diff-0d5a8af55d0dc1e3f95ef157fa30cc23-20190109003045;"Anonymous inner classes -> Lambda";1065;17;13;2;2;0,067;0,155;0,004;0,002
diff-98d3fc2674005c86b06aeab170c1175a-20190109003050;"Anonymous inner classes -> Lambda";1066;15;10;1;1;0,192;0,117;0;0
diff-b2371b91ec873932df80f1e8da819b19-20190109003055;"(for) to ForEach -> Lambda";1067;8;6;3;3;0,009;0,019;0,069;0,029
diff-ffd98570df0307e408ee2c9193a8c5f4-20190109003059;"(for) to Map/Collect  -> Lambda";1068;7;7;1;1;0,041;0,092;0,024;0,001
diff-fc1497af780df894f7dbd24bb4d4809e-20190109003103;"(for) to ForEach -> Lambda";1069;12;7;6;6;0,057;0,179;0;0
diff-519e3a1391145ba93c3a91bcd4474d33-20190109003107;"Anonymous inner classes -> Lambda";1070;5;6;1;1;0,013;0,033;0,316;0,105
diff-ee83a3df87aeca91562e7452094768eb-20190109003115;"Anonymous inner classes -> Lambda";1072;5;13;1;2;0,01;0,029;0,394;0,004
diff-e112047b36af77d670c0d4f1df5f040f-20190110101029;"(for) to ForEach -> Lambda";1166;3;4;2;2;0,007;0,003;0,52;0,408
diff-256f88ee5a6d39b73c9399f43ae55ecb-20190110101035;"(for) to ForEach -> Lambda";1167;6;12;2;2;0,018;0,003;0,243;0,084
diff-a5be1778add685c6af3da81a8dbf0008-20190110101215;"(for) to Filter/ForEach -> Lambda";1168;9;11;4;3;0,027;0,03;0,207;0,136
diff-0b17448b3317b1cbc0da6eb8b3040b70-20190110101221;"(for) to ForEach -> Lambda";1169;9;15;2;2;0,079;0,011;0,015;0,04
diff-0b17448b3317b1cbc0da6eb8b3040b70-20190110101226;"(for) to ForEach -> Lambda";1170;12;23;4;4;0,011;0;0,054;0,004
diff-f77dd07722fcafadcbac366ced02ee16-20190110101238;"(for) to ForEach -> Lambda";1172;10;10;2;3;0,37;0,338;0,118;0,088
diff-564226bdb9959af10d22047d9ca36565-20190110101249;"Anonymous inner classes -> Lambda";1174;7;3;1;1;0,028;0,076;0,079;0,001
diff-dbd529f14a214768fb936c4d4e4ba4b8-20190110101254;"Anonymous inner classes -> Lambda";1175;14;12;3;3;0,07;0,227;0,013;0,005
diff-2c05cf221bbe0e7556d9ebe78e54b60e-20190110101300;"Anonymous inner classes -> Lambda";1176;26;17;1;1;0,001;0,002;0,191;0,104
diff-2c05cf221bbe0e7556d9ebe78e54b60e-20190110101305;"Anonymous inner classes -> Lambda";1177;9;5;1;1;0,023;0,008;0,001;0,003
diff-7a87d4cbe4ae26134c556cd3b13420ff-20190110101311;"Anonymous inner classes -> Lambda";1178;14;5;3;3;0,399;0,881;0,001;0
diff-5e62f540b473742abaf13268fd2b9a1d-20190110101316;"Anonymous inner classes -> Lambda";1179;7;5;1;1;0,988;0,98;0;0
diff-5e64cc93947463b84a2731a5e1e459d1-20190110101322;"Anonymous inner classes -> Lambda";1180;10;6;1;1;0,009;0,014;0,384;0,858
diff-8e288e58f92d7cd10297be593f101a3c-20190110101331;"(for) to ForEach -> Lambda";1181;7;15;2;2;0,346;0,023;0;0,004
diff-05934ddddf4778538f0e13e907708437-20190110101337;"(for) to ForEach -> Lambda";1182;8;12;3;3;0,575;0,211;0;0,001
diff-2fa0d5d518af9d995eb3afb8e725e43c-20190110101342;"(for) to Filter/ForEach -> Lambda";1183;10;13;3;2;0,01;0,007;0,07;0,024
diff-0a2e388b76e6a461ba52ca00e6f89ca2-20190110101347;"(for) to ForEach -> Lambda";1184;17;24;4;4;0,866;0,297;0;0
diff-72c518537836c9460436f9f51c832435-20190110101411;"(for) to ForEach -> Lambda";1185;8;7;2;2;0,06;0,128;0,147;0,023
diff-72fab0f1330def096c5bf187a4a785ad-20190110101416;"(for) to ForEach -> Lambda";1186;8;8;2;2;0,108;0,101;0,191;0,136
diff-12ab27e038e37ac437b0a6c2b666895a-20190110101422;"(for) to ForEach -> Lambda";1187;9;8;2;2;0,273;0,38;0,045;0,007
diff-91dd0adb722e28d50d009221a4caa85c-20190110101427;"(for) to ForEach -> Lambda";1188;8;8;2;2;0,247;0,231;0,014;0,009
diff-5be53b2e3e3e17299356795841665894-20190110101433;"(for) to ForEach -> Lambda";1189;8;8;2;2;0,018;0,017;0,098;0,068
diff-7f9156317a6175887c810b9a188fb18b-20190110101438;"(for) to ForEach -> Lambda";1190;7;7;2;2;0,067;0,055;0,005;0,003
diff-ec312d537747aae57bd34b7cc0c30900-20190110101444;"(for) to ForEach -> Lambda";1191;15;11;3;3;0,005;0,025;0,028;0,027
diff-44de24affeaa90427a2cd6085b8981c0-20190110101450;"(for) to Filter/ForEach -> Lambda";1192;15;11;3;2;0,113;0,636;0,016;0,002
diff-09ca2af84f91a6be588ae68222d8333c-20190110101456;"(for) to ForEach -> Lambda";1193;8;8;2;2;0,114;0,104;0,23;0,167
diff-09ca2af84f91a6be588ae68222d8333c-20190110101502;"(for) to ForEach -> Lambda";1194;7;7;2;2;0,036;0,032;0,234;0,16
