_Type;Transformation;Loc_Before;Loc_After;Result_Loc;Complex_Before;Complex_After;Result_Complexity;Posnet_Before;Posnet_After;Result_Posnet;Posnet_Token_Before;Posnet_Token_After;Result_Posnet_Token;RayBuse_Before;RayBuse_Token_After;Result_RayBuse;
(for) to Filter -> Lambda;1062;9;3;MELHOROU;3;1;MELHOROU;5,67;2,91;PIOROU;10,29;7,78;PIOROU;0,046;0,969;MELHOROU;
(for) to Filter -> Lambda;1061;11;5;MELHOROU;3;1;MELHOROU;6,47;3,81;PIOROU;10,82;8,51;PIOROU;0,043;0,944;MELHOROU;
(for) to Filter/ForEach -> Lambda;1183;9;12;PIOROU;3;2;MELHOROU;6,47;7,96;MELHOROU;10,76;12,3;MELHOROU;0,017;0,002;PIOROU;
(for) to Filter/ForEach -> Lambda;1168;8;10;PIOROU;4;3;MELHOROU;5,04;6,43;MELHOROU;9,69;10,84;MELHOROU;0,022;0,004;PIOROU;
(for) to Filter/ForEach -> Lambda;1192;16;12;MELHOROU;3;2;MELHOROU;5,65;5,17;PIOROU;10,97;10,57;PIOROU;0;0,001;MELHOROU;
(for) to ForEach -> Lambda;1193;9;9;MANTEVE;2;2;MANTEVE;5,11;5,43;MELHOROU;9,99;10,32;MELHOROU;0,06;0,043;PIOROU;
(for) to ForEach -> Lambda;1026;7;12;PIOROU;2;3;PIOROU;4,39;6,66;MELHOROU;9,34;11,42;MELHOROU;0,039;0;PIOROU;
(for) to ForEach -> Lambda;1172;17;15;MELHOROU;2;3;PIOROU;7,38;7,01;PIOROU;11,8;11,51;PIOROU;0,002;0,001;PIOROU;
(for) to ForEach -> Lambda;1067;9;7;MELHOROU;3;3;MANTEVE;6;NAN;ERRO;10,87; NAN ;ERRO;0,043;0,093;MELHOROU;
(for) to ForEach -> Lambda;1060;9;12;PIOROU;2;2;MANTEVE;5,63;7,74;MELHOROU;10,28;11,97;MELHOROU;0,168;0,018;PIOROU;
(for) to ForEach -> Lambda;1029;6;11;PIOROU;2;3;PIOROU;4,01;6,28;MELHOROU;8,94;11,03;MELHOROU;0,014;0;PIOROU;
(for) to ForEach -> Lambda;1186;13;13;MANTEVE;2;2;MANTEVE;6,55;6,98;MELHOROU;11,95;12,29;MELHOROU;0,077;0,076;PIOROU;
(for) to ForEach -> Lambda;1170;15;26;PIOROU;4;4;MANTEVE;6,6;12,94;MELHOROU;11,32;16,9;MELHOROU;0,003;0;PIOROU;
(for) to ForEach -> Lambda;1191;20;16;MELHOROU;3;3;MANTEVE;8,61;7,84;PIOROU;13,77;12,9;PIOROU;0;0,005;MELHOROU;
(for) to ForEach -> Lambda;1167;7;13;PIOROU;2;2;MANTEVE;5,54;8,92;MELHOROU;9,83;12,46;MELHOROU;0,186;0,003;PIOROU;
(for) to ForEach -> Lambda;1182;9;13;PIOROU;3;3;MANTEVE;3,82;6,28;MELHOROU;8,75;10,57;MELHOROU;0;0;MANTEVE;
(for) to ForEach -> Lambda;1185;10;9;MELHOROU;2;2;MANTEVE;4,97;5,44;MELHOROU;10,4;10,62;MELHOROU;0,194;0,143;PIOROU;
(for) to ForEach -> Lambda;1169;11;17;PIOROU;2;2;MANTEVE;4,66;9,28;MELHOROU;9,5;13,46;MELHOROU;0,005;0;PIOROU;
(for) to ForEach -> Lambda;1190;8;8;MANTEVE;2;2;MANTEVE;4,88;NAN;ERRO;10,49; NAN ;ERRO;0,002;0,002;MANTEVE;
(for) to ForEach -> Lambda;1032;14;12;MELHOROU;3;3;MANTEVE;4,87;5,23;MELHOROU;9,52;10,42;MELHOROU;0;0;MANTEVE;
(for) to ForEach -> Lambda;1188;9;9;MANTEVE;2;2;MANTEVE;4,57;4,95;MELHOROU;10,36;10,75;MELHOROU;0,005;0,004;PIOROU;
(for) to ForEach -> Lambda;1069;17;8;MELHOROU;6;6;MANTEVE;7,48;NAN;ERRO;12,76; NAN ;ERRO;0;0;MANTEVE;
(for) to ForEach -> Lambda;1194;8;8;MANTEVE;2;2;MANTEVE;5,38;5,64;MELHOROU;9,77;10,05;MELHOROU;0,114;0,079;PIOROU;
(for) to ForEach -> Lambda;1166;3;4;PIOROU;2;2;MANTEVE;4,65;5,69;MELHOROU;8,53;9,15;MELHOROU;0,721;0,404;PIOROU;
(for) to ForEach -> Lambda;1181;10;18;PIOROU;2;2;MANTEVE;6,44;NAN;ERRO;11,18; NAN ;ERRO;0;0;MANTEVE;
(for) to ForEach -> Lambda;1184;19;25;PIOROU;4;4;MANTEVE;6,6;10,91;MELHOROU;11,75;15,38;MELHOROU;0;0;MANTEVE;
(for) to ForEach -> Lambda;1054;12;6;MELHOROU;5;2;MELHOROU;5,2;4,02;PIOROU;9,93;8,94;PIOROU;0,021;0,447;MELHOROU;
(for) to ForEach -> Lambda;1189;9;9;MANTEVE;2;2;MANTEVE;4,78;5,04;MELHOROU;10,18;10,48;MELHOROU;0,02;0,017;PIOROU;
(for) to ForEach -> Lambda;1187;10;9;MELHOROU;2;2;MANTEVE;5,14;5,2;MELHOROU;10,09;10,26;MELHOROU;0,004;0,002;PIOROU;
(for) to Map -> Lambda;1035;22;11;MELHOROU;1;1;MANTEVE;11,56;6,26;PIOROU;15,81;11,18;PIOROU;0;0;MANTEVE;
(for) to Map/Collect  -> Lambda;1028;15;9;MELHOROU;1;1;MANTEVE;8,52;5,65;PIOROU;13,11;10,57;PIOROU;0;0;MANTEVE;
(for) to Map/Collect  -> Lambda;1022;13;9;MELHOROU;3;1;MELHOROU;5,38;4,62;PIOROU;10,45;9,87;PIOROU;0;0;MANTEVE;
(for) to Map/Collect  -> Lambda;1052;10;6;MELHOROU;2;1;MELHOROU;5,71;NAN;ERRO;10,63; NAN ;ERRO;0,005;0,053;MELHOROU;
(for) to Map/Collect  -> Lambda;1059;11;9;MELHOROU;2;2;MANTEVE;6,01;5,15;PIOROU;10,54;9,68;PIOROU;0,012;0,018;MELHOROU;
(for) to Map/Collect  -> Lambda;1027;8;5;MELHOROU;2;2;MANTEVE;4,93;3,51;PIOROU;9,51;8,11;PIOROU;0,026;0,039;MELHOROU;
(for) to Map/Collect  -> Lambda;1021;9;5;MELHOROU;1;1;MANTEVE;NAN;NAN;ERRO; NAN ; NAN ;ERRO;0,048;0,776;MELHOROU;
(for) to Map/Collect  -> Lambda;1068;8;8;MANTEVE;1;1;MANTEVE;NAN;NAN;ERRO; NAN ; NAN ;ERRO;0,049;0,009;PIOROU;
Anonymous inner classes -> Lambda;1065;20;15;MELHOROU;2;2;MANTEVE;9,14;7,06;PIOROU;14,72;12,69;PIOROU;0;0;MANTEVE;
Anonymous inner classes -> Lambda;1040;14;19;PIOROU;1;1;MANTEVE;7,64;NAN;ERRO;12,98; NAN ;ERRO;0;0;MANTEVE;
Anonymous inner classes -> Lambda;1177;11;7;MELHOROU;1;1;MANTEVE;NAN;NAN;ERRO; NAN ; NAN ;ERRO;0,071;0,728;MELHOROU;
Anonymous inner classes -> Lambda;1043;8;3;MELHOROU;1;1;MANTEVE;5,03;2,88;PIOROU;9,69;7,75;PIOROU;0,27;0,971;MELHOROU;
Anonymous inner classes -> Lambda;1015;6;6;MANTEVE;2;2;MANTEVE;3,46;3,29;PIOROU;9,14;8,96;PIOROU;0,889;0,893;MELHOROU;
Anonymous inner classes -> Lambda;1034;13;9;MELHOROU;1;1;MANTEVE;7,15;5,24;PIOROU;11,62;9,87;PIOROU;0,015;0,046;MELHOROU;
Anonymous inner classes -> Lambda;1180;9;4;MELHOROU;1;1;MANTEVE;5,28;2,92;PIOROU;9,95;7,7;PIOROU;0,831;1;MELHOROU;
Anonymous inner classes -> Lambda;1072;8;16;PIOROU;1;2;PIOROU;4,51;7,4;MELHOROU;9,73;12,41;MELHOROU;0,142;0;PIOROU;
Anonymous inner classes -> Lambda;1046;8;12;PIOROU;3;3;MANTEVE;3,26;5,65;MELHOROU;9,21;11,33;MELHOROU;0,094;0,01;PIOROU;
Anonymous inner classes -> Lambda;1176;20;16;MELHOROU;1;1;MANTEVE;10,94;8,98;PIOROU;15,26;13,51;PIOROU;0;0,004;MELHOROU;
Anonymous inner classes -> Lambda;1053;15;9;MELHOROU;1;1;MANTEVE;7,27;4,41;PIOROU;12,4;9,8;PIOROU;0;0;MANTEVE;
Anonymous inner classes -> Lambda;1064;15;10;MELHOROU;2;2;MANTEVE;7,59;5,53;PIOROU;12,63;10,55;PIOROU;0,002;0,014;MELHOROU;
Anonymous inner classes -> Lambda;1024;19;13;MELHOROU;1;1;MANTEVE;9,83;7,13;PIOROU;14,41;11,83;PIOROU;0,001;0,033;MELHOROU;
Anonymous inner classes -> Lambda;1038;10;3;MELHOROU;1;1;MANTEVE;6,46;3,12;PIOROU;11,06;8,02;PIOROU;0,003;0,212;MELHOROU;
Anonymous inner classes -> Lambda;1033;10;7;MELHOROU;2;2;MANTEVE;7,12;5,74;PIOROU;11,24;10,07;PIOROU;0,199;0,619;MELHOROU;
Anonymous inner classes -> Lambda;1070;7;8;PIOROU;1;1;MANTEVE;NAN;NAN;ERRO; NAN ; NAN ;ERRO;0,393;0,081;PIOROU;
Anonymous inner classes -> Lambda;1042;15;12;MELHOROU;3;3;MANTEVE;8,68;7,35;PIOROU;13,45;12,18;PIOROU;0,003;0,021;MELHOROU;
Anonymous inner classes -> Lambda;1175;17;14;MELHOROU;3;3;MANTEVE;8,58;6,98;PIOROU;13,2;11,87;PIOROU;0;0;MANTEVE;
Anonymous inner classes -> Lambda;1179;8;8;MANTEVE;1;1;MANTEVE;2,75;2,72;PIOROU;8,63;8,63;MANTEVE;0;0;MANTEVE;
Anonymous inner classes -> Lambda;1066;18;11;MELHOROU;1;1;MANTEVE;8,43;NAN;ERRO;13,99; NAN ;ERRO;0;0;MANTEVE;
Anonymous inner classes -> Lambda;1045;8;5;MELHOROU;1;1;MANTEVE;5,36;3,95;PIOROU;10,29;8,87;PIOROU;0,312;0,839;MELHOROU;
Anonymous inner classes -> Lambda;1063;5;5;MANTEVE;1;1;MANTEVE;NAN;NAN;ERRO; NAN ; NAN ;ERRO;0,931;0,761;PIOROU;
Anonymous inner classes -> Lambda;1023;12;5;MELHOROU;1;1;MANTEVE;NAN;NAN;ERRO; NAN ; NAN ;ERRO;0,032;0,755;MELHOROU;
Anonymous inner classes -> Lambda;1036;7;11;PIOROU;1;1;MANTEVE;NAN;6,15;ERRO; NAN ;11,64;ERRO;0,82;0,084;PIOROU;
Anonymous inner classes -> Lambda;1041;20;18;MELHOROU;3;3;MANTEVE;9,77;8,8;PIOROU;14,52;13,66;PIOROU;0;0;MANTEVE;
Anonymous inner classes -> Lambda;1174;10;6;MELHOROU;1;1;MANTEVE;NAN;NAN;ERRO; NAN ; NAN ;ERRO;0,053;0,512;MELHOROU;
Anonymous inner classes -> Lambda;1178;16;7;MELHOROU;3;3;MANTEVE;-0,37;0,72;MELHOROU;4,31;6,22;MELHOROU;0;0;MANTEVE;
Anonymous inner classes -> Lambda;1044;9;5;MELHOROU;1;1;MANTEVE;5,05;3,57;PIOROU;9,91;8,48;PIOROU;0,344;0,917;MELHOROU;
Anonymous inner classes -> Lambda;1051;15;16;PIOROU;1;1;MANTEVE;6,14;6,66;MELHOROU;11,81;12,19;MELHOROU;0,002;0;PIOROU;
;;;;;;;;;;;;;;;;;
;;;;;;;;;;;;;;;;;
;;LOC;;;CCM;;;;Posnet;;;;Posnet/Token;;;RayBuse;
;Piorou;Manteve;Melhorou;Piorou;Manteve;Melhorou;Erro;Piorou;Manteve;Melhorou;Erro;Piorou;Manteve;Melhorou;Piorou;Manteve;Melhorou
(for) to Filter -> Lambda;0;0;2;0;0;2;0;2;0;0;0;2;0;0;0;0;2
(for) to Filter/ForEach -> Lambda;2;0;1;0;0;3;0;1;0;2;0;1;0;2;2;0;1
(for) to ForEach -> Lambda;10;6;8;3;20;1;3;3;0;17;4;3;0;17;15;6;3
(for) to Map -> Lambda;0;0;1;0;1;0;0;1;0;0;0;1;0;0;0;1;0
(for) to Map/Collect  -> Lambda;0;1;6;0;5;2;0;4;0;0;3;4;0;0;1;2;4
Anonymous inner classes -> Lambda;6;3;20;1;28;0;1;17;0;4;8;16;1;4;6;8;15
;;;;;;;;;;;;;;;;;
;;;;;;;;;;;;;;;;;
;;;;;;;;;;;;;;;;;
;;;;;;;;;;;;;;;;;
;;;;;;;;;;;;;;;;;
