user_id;transformation_id;description;question;choice;Resptime
10;1022;"(for) to Map/Collect  -> Lambda";2;5;00:00:34
14;1022;"(for) to Map/Collect  -> Lambda";2;4;00:06:32
12;1022;"(for) to Map/Collect  -> Lambda";2;5;00:00:34
20;1022;"(for) to Map/Collect  -> Lambda";2;4;00:01:07
30;1022;"(for) to Map/Collect  -> Lambda";2;4;00:01:05
32;1022;"(for) to Map/Collect  -> Lambda";2;5;00:01:29
10;1026;"(for) to ForEach -> Lambda";2;4;00:00:31
12;1026;"(for) to ForEach -> Lambda";2;3;00:02:52
20;1026;"(for) to ForEach -> Lambda";2;3;00:00:47
32;1026;"(for) to ForEach -> Lambda";2;4;00:01:01
14;1026;"(for) to ForEach -> Lambda";2;1;00:03:27
30;1026;"(for) to ForEach -> Lambda";2;2;00:00:59
10;1042;"Anonymous inner classes -> Lambda";2;4;00:00:20
14;1042;"Anonymous inner classes -> Lambda";2;2;00:07:39
20;1042;"Anonymous inner classes -> Lambda";2;4;00:00:22
12;1042;"Anonymous inner classes -> Lambda";2;4;00:00:58
30;1042;"Anonymous inner classes -> Lambda";2;4;00:01:09
32;1042;"Anonymous inner classes -> Lambda";2;5;00:01:05
7;1060;"(for) to ForEach -> Lambda";2;2;00:01:55
13;1060;"(for) to ForEach -> Lambda";2;4;00:02:08
19;1060;"(for) to ForEach -> Lambda";2;3;00:02:18
21;1060;"(for) to ForEach -> Lambda";2;4;00:00:35
23;1060;"(for) to ForEach -> Lambda";2;3;00:02:11
27;1060;"(for) to ForEach -> Lambda";2;3;00:02:33
33;1060;"(for) to ForEach -> Lambda";2;2;00:02:27
43;1060;"(for) to ForEach -> Lambda";2;3;00:01:25
15;1060;"(for) to ForEach -> Lambda";2;4;00:10:30
7;1061;"(for) to Filter -> Lambda";2;3;00:02:39
15;1061;"(for) to Filter -> Lambda";2;5;00:01:18
19;1061;"(for) to Filter -> Lambda";2;5;00:04:55
23;1061;"(for) to Filter -> Lambda";2;5;00:03:23
27;1061;"(for) to Filter -> Lambda";2;4;00:01:29
13;1061;"(for) to Filter -> Lambda";2;4;00:01:43
21;1061;"(for) to Filter -> Lambda";2;4;00:03:09
33;1061;"(for) to Filter -> Lambda";2;5;00:01:21
43;1061;"(for) to Filter -> Lambda";2;3;00:01:37
13;1070;"Anonymous inner classes -> Lambda";2;2;00:01:41
15;1070;"Anonymous inner classes -> Lambda";2;4;00:04:52
21;1070;"Anonymous inner classes -> Lambda";2;5;00:00:19
27;1070;"Anonymous inner classes -> Lambda";2;3;00:02:07
43;1070;"Anonymous inner classes -> Lambda";2;4;00:02:00
7;1070;"Anonymous inner classes -> Lambda";2;3;00:01:04
19;1070;"Anonymous inner classes -> Lambda";2;2;00:01:43
23;1070;"Anonymous inner classes -> Lambda";2;5;00:05:58
33;1070;"Anonymous inner classes -> Lambda";2;4;00:01:05
20;1178;"Anonymous inner classes -> Lambda";2;4;00:01:17
30;1178;"Anonymous inner classes -> Lambda";2;5;01:05:19
32;1178;"Anonymous inner classes -> Lambda";2;5;00:01:20
10;1178;"Anonymous inner classes -> Lambda";2;4;00:00:46
12;1178;"Anonymous inner classes -> Lambda";2;3;00:02:26
14;1178;"Anonymous inner classes -> Lambda";2;4;00:03:25
12;1180;"Anonymous inner classes -> Lambda";2;4;00:00:34
30;1180;"Anonymous inner classes -> Lambda";2;5;00:00:53
32;1180;"Anonymous inner classes -> Lambda";2;5;00:01:43
10;1180;"Anonymous inner classes -> Lambda";2;4;00:01:14
14;1180;"Anonymous inner classes -> Lambda";2;5;00:08:02
20;1180;"Anonymous inner classes -> Lambda";2;5;00:14:39
12;1183;"(for) to Filter/ForEach -> Lambda";2;5;00:01:34
14;1183;"(for) to Filter/ForEach -> Lambda";2;4;00:02:31
30;1183;"(for) to Filter/ForEach -> Lambda";2;3;00:00:35
10;1183;"(for) to Filter/ForEach -> Lambda";2;4;00:00:40
20;1183;"(for) to Filter/ForEach -> Lambda";2;4;00:01:19
32;1183;"(for) to Filter/ForEach -> Lambda";2;3;00:00:48
19;1185;"(for) to ForEach -> Lambda";2;5;00:00:28
33;1185;"(for) to ForEach -> Lambda";2;4;00:01:01
7;1185;"(for) to ForEach -> Lambda";2;1;00:07:13
13;1185;"(for) to ForEach -> Lambda";2;3;00:01:18
15;1185;"(for) to ForEach -> Lambda";2;4;00:03:44
21;1185;"(for) to ForEach -> Lambda";2;4;00:00:41
23;1185;"(for) to ForEach -> Lambda";2;5;00:04:10
27;1185;"(for) to ForEach -> Lambda";2;3;00:11:20
43;1185;"(for) to ForEach -> Lambda";2;4;00:04:51
7;1188;"(for) to ForEach -> Lambda";2;3;00:00:45
13;1188;"(for) to ForEach -> Lambda";2;4;00:02:30
15;1188;"(for) to ForEach -> Lambda";2;5;00:01:21
33;1188;"(for) to ForEach -> Lambda";2;4;00:00:46
43;1188;"(for) to ForEach -> Lambda";2;3;00:01:20
19;1188;"(for) to ForEach -> Lambda";2;4;00:02:17
21;1188;"(for) to ForEach -> Lambda";2;5;00:00:25
23;1188;"(for) to ForEach -> Lambda";2;5;00:01:41
27;1188;"(for) to ForEach -> Lambda";2;3;00:01:20
21;1192;"(for) to Filter/ForEach -> Lambda";2;5;00:01:45
23;1192;"(for) to Filter/ForEach -> Lambda";2;5;00:04:01
7;1192;"(for) to Filter/ForEach -> Lambda";2;2;00:13:34
13;1192;"(for) to Filter/ForEach -> Lambda";2;3;00:03:21
15;1192;"(for) to Filter/ForEach -> Lambda";2;3;00:05:00
19;1192;"(for) to Filter/ForEach -> Lambda";2;5;00:03:24
27;1192;"(for) to Filter/ForEach -> Lambda";2;3;00:02:31
33;1192;"(for) to Filter/ForEach -> Lambda";2;5;00:00:36
43;1192;"(for) to Filter/ForEach -> Lambda";2;3;00:04:31
