ID,Formação,Experiência com lambda,Experiência com programação funcional,Experiência com Java
7,Estudante,Sim,1 ano,7 anos
10,Estudante,Sim,5 anos,11 anos
12,Estudante,Sim,1 ano,1 ano
13,Estudante,Sim,1 a 4 anos,2 anos
14,Estudante,Sim,1 a 4 anos,4 anos
15,Estudante,Sim,1 ano, 5 anos
19,Estudante,Sim,1 ano,3 anos
20,Estudante,Sim,1 ano,3 anos
21,Estudante,Sim,1 a 4 anos,4 anos
23,Estudante,Sim,1 ano,3 anos
27,Estudante,Sim,1 a 4 anos,1 ano
30,Estudante,Sim,1 ano,1 ano
32,Estudante,Sim,1 a 4 anos,3 anos
33,Estudante,Sim,1 a 4 anos,2 anos
43,Estudante,Sim,1 ano,1 ano
