Java_Experience,Formation,Profession,FunctionalProgram,Participant,Transformation,Type,Q1
1,NULL,AD,1-4,27,1061,"(for) to Filter -> Lambda",4
4,NULL,DJ,1-4,21,1061,"(for) to Filter -> Lambda",4
3,NULL,DJ,1,19,1061,"(for) to Filter -> Lambda",5
2,NULL,DP,1-4,33,1061,"(for) to Filter -> Lambda",5
5,NULL,ET,1,15,1061,"(for) to Filter -> Lambda",5
3,NULL,ET,1,23,1061,"(for) to Filter -> Lambda",5
1,NULL,ET,1,43,1061,"(for) to Filter -> Lambda",3
7,NULL,DP,1,7,1061,"(for) to Filter -> Lambda",3
2,NULL,DJ,1-4,13,1061,"(for) to Filter -> Lambda",4
3,NULL,ET,1,20,1183,"(for) to Filter/ForEach -> Lambda",4
2,NULL,DP,1-4,33,1192,"(for) to Filter/ForEach -> Lambda",5
1,NULL,DP,1,12,1183,"(for) to Filter/ForEach -> Lambda",5
1,SC,DJ,NC,4,1183,"(for) to Filter/ForEach -> Lambda",3
5,NULL,ET,1,15,1192,"(for) to Filter/ForEach -> Lambda",3
11,NULL,DP,5+,10,1183,"(for) to Filter/ForEach -> Lambda",4
1,NULL,ET,1,30,1183,"(for) to Filter/ForEach -> Lambda",3
3,NULL,DJ,1,19,1192,"(for) to Filter/ForEach -> Lambda",5
1,NULL,ET,1,43,1192,"(for) to Filter/ForEach -> Lambda",3
3,NULL,AD,1-4,32,1183,"(for) to Filter/ForEach -> Lambda",3
4,NULL,DJ,1-4,21,1192,"(for) to Filter/ForEach -> Lambda",5
2,NULL,DJ,1-4,13,1192,"(for) to Filter/ForEach -> Lambda",3
4,NULL,AD,1-4,14,1183,"(for) to Filter/ForEach -> Lambda",4
1,NULL,AD,1-4,27,1192,"(for) to Filter/ForEach -> Lambda",3
7,NULL,DP,1,7,1192,"(for) to Filter/ForEach -> Lambda",2
3,NULL,ET,1,23,1192,"(for) to Filter/ForEach -> Lambda",5
4,NULL,AD,1-4,14,1026,"(for) to ForEach -> Lambda",1
7,NULL,DP,1,7,1188,"(for) to ForEach -> Lambda",3
1,NULL,ET,1,43,1188,"(for) to ForEach -> Lambda",3
4,NULL,DJ,1-4,21,1185,"(for) to ForEach -> Lambda",4
3,NULL,ET,1,23,1188,"(for) to ForEach -> Lambda",5
11,NULL,DP,5+,10,1026,"(for) to ForEach -> Lambda",4
7,NULL,DP,1,7,1060,"(for) to ForEach -> Lambda",2
1,NULL,AD,1-4,27,1060,"(for) to ForEach -> Lambda",3
5,NULL,ET,1,15,1060,"(for) to ForEach -> Lambda",4
2,NULL,DJ,1-4,13,1185,"(for) to ForEach -> Lambda",3
4,NULL,DJ,1-4,21,1188,"(for) to ForEach -> Lambda",5
7,NULL,DP,1,7,1185,"(for) to ForEach -> Lambda",1
3,NULL,ET,1,20,1026,"(for) to ForEach -> Lambda",3
2,NULL,DP,1-4,33,1060,"(for) to ForEach -> Lambda",2
3,NULL,ET,1,23,1185,"(for) to ForEach -> Lambda",5
5,NULL,ET,1,15,1188,"(for) to ForEach -> Lambda",5
3,NULL,DJ,1,19,1185,"(for) to ForEach -> Lambda",5
2,NULL,DJ,1-4,13,1188,"(for) to ForEach -> Lambda",4
3,NULL,ET,1,23,1060,"(for) to ForEach -> Lambda",3
2,NULL,DP,1-4,33,1188,"(for) to ForEach -> Lambda",4
4,NULL,DJ,1-4,21,1060,"(for) to ForEach -> Lambda",4
1,SC,DJ,NC,4,1026,"(for) to ForEach -> Lambda",2
1,NULL,ET,1,43,1060,"(for) to ForEach -> Lambda",3
1,NULL,ET,1,43,1185,"(for) to ForEach -> Lambda",4
3,NULL,DJ,1,19,1060,"(for) to ForEach -> Lambda",3
1,NULL,DP,1,12,1026,"(for) to ForEach -> Lambda",3
3,NULL,AD,1-4,32,1026,"(for) to ForEach -> Lambda",4
1,NULL,AD,1-4,27,1185,"(for) to ForEach -> Lambda",3
3,NULL,DJ,1,19,1188,"(for) to ForEach -> Lambda",4
1,NULL,ET,1,30,1026,"(for) to ForEach -> Lambda",2
2,NULL,DP,1-4,33,1185,"(for) to ForEach -> Lambda",4
2,NULL,DJ,1-4,13,1060,"(for) to ForEach -> Lambda",4
5,NULL,ET,1,15,1185,"(for) to ForEach -> Lambda",4
1,NULL,AD,1-4,27,1188,"(for) to ForEach -> Lambda",3
1,SC,DJ,NC,4,1022,"(for) to Map/Collect  -> Lambda",2
3,NULL,ET,1,20,1022,"(for) to Map/Collect  -> Lambda",4
4,NULL,AD,1-4,14,1022,"(for) to Map/Collect  -> Lambda",4
11,NULL,DP,5+,10,1022,"(for) to Map/Collect  -> Lambda",5
1,NULL,DP,1,12,1022,"(for) to Map/Collect  -> Lambda",5
3,NULL,AD,1-4,32,1022,"(for) to Map/Collect  -> Lambda",5
1,NULL,ET,1,30,1022,"(for) to Map/Collect  -> Lambda",4
3,NULL,AD,1-4,32,1180,"Anonymous inner classes -> Lambda",5
1,NULL,ET,1,30,1042,"Anonymous inner classes -> Lambda",4
3,NULL,AD,1-4,32,1178,"Anonymous inner classes -> Lambda",5
1,NULL,ET,1,43,1070,"Anonymous inner classes -> Lambda",4
2,NULL,DJ,1-4,13,1070,"Anonymous inner classes -> Lambda",2
4,NULL,AD,1-4,14,1178,"Anonymous inner classes -> Lambda",4
3,NULL,ET,1,23,1070,"Anonymous inner classes -> Lambda",5
1,NULL,ET,1,30,1178,"Anonymous inner classes -> Lambda",5
1,NULL,DP,1,12,1180,"Anonymous inner classes -> Lambda",4
1,NULL,AD,1-4,27,1070,"Anonymous inner classes -> Lambda",3
3,NULL,ET,1,20,1180,"Anonymous inner classes -> Lambda",5
4,NULL,AD,1-4,14,1042,"Anonymous inner classes -> Lambda",2
1,SC,DJ,NC,4,1178,"Anonymous inner classes -> Lambda",4
1,SC,DJ,NC,4,1180,"Anonymous inner classes -> Lambda",2
1,NULL,ET,1,30,1180,"Anonymous inner classes -> Lambda",5
4,NULL,DJ,1-4,21,1070,"Anonymous inner classes -> Lambda",5
3,NULL,DJ,1,19,1070,"Anonymous inner classes -> Lambda",2
1,SC,DJ,NC,4,1042,"Anonymous inner classes -> Lambda",3
11,NULL,DP,5+,10,1042,"Anonymous inner classes -> Lambda",4
2,NULL,DP,1-4,33,1070,"Anonymous inner classes -> Lambda",4
5,NULL,ET,1,15,1070,"Anonymous inner classes -> Lambda",4
7,NULL,DP,1,7,1070,"Anonymous inner classes -> Lambda",3
3,NULL,ET,1,20,1178,"Anonymous inner classes -> Lambda",4
1,NULL,DP,1,12,1042,"Anonymous inner classes -> Lambda",4
3,NULL,AD,1-4,32,1042,"Anonymous inner classes -> Lambda",5
11,NULL,DP,5+,10,1178,"Anonymous inner classes -> Lambda",4
3,NULL,ET,1,20,1042,"Anonymous inner classes -> Lambda",4
1,NULL,DP,1,12,1178,"Anonymous inner classes -> Lambda",3
11,NULL,DP,5+,10,1180,"Anonymous inner classes -> Lambda",4
4,NULL,AD,1-4,14,1180,"Anonymous inner classes -> Lambda",5
