Participant,Sex,Formation,Profession,Lambda_Experience,Functional_Programa_Exp,Experience
6,Masculino,PGI,DJ,N,1-4,4
7,Masculino,SC,OT,S,1-4,2
12,Masculino,MM,DS,S,5+,11
13,Masculino,SC,DJ,S,1-4,4
14,Masculino,MM,DS,S,1-4,10
15,Masculino,PGC,OT,N,5+,11
16,Masculino,MM,AD,S,1-4,11
17,Masculino,MM,DS,S,5+,11
19,Masculino,MM,DP,N,NC,7
20,Masculino,SC,AD,S,1-4,5
22,Masculino,SC,DP,S,5+,5
25,Masculino,DC,AD,S,NC,10
26,Masculino,PGC,AD,S,1,11
27,Feminino,MM,OT,N,NC,5
28,Masculino,MM,AD,S,NC,7
30,Feminino,DC,OT,N,4-5,5
31,Masculino,MM,DS,S,1,4
32,Masculino,SC,DP,S,1-4,2
33,Feminino,SI,DJ,N,1,1
34,Masculino,PGC,AD,S,NC,7
36,Masculino,PGI,DS,S,5+,11
38,Masculino,SI,OT,S,NC,1
39,Masculino,SC,DJ,S,1,1
41,Masculino,SI,DJ,S,NC,1
43,Masculino,SI,DJ,S,1,4
45,Masculino,PGI,OT,S,4-5,5
46,Masculino,PGC,OT,N,NC,1
47,Masculino,PGC,AD,S,NC,11
