user_id;transformation_id;description;question;choice;Resptime
12;1027;"(for) to Map/Collect  -> Lambda";2;4;00:00:53
16;1027;"(for) to Map/Collect  -> Lambda";2;4;00:01:09
22;1027;"(for) to Map/Collect  -> Lambda";2;4;00:00:17
28;1027;"(for) to Map/Collect  -> Lambda";2;2;00:02:30
32;1027;"(for) to Map/Collect  -> Lambda";2;3;00:01:07
36;1027;"(for) to Map/Collect  -> Lambda";2;5;00:04:01
46;1027;"(for) to Map/Collect  -> Lambda";2;2;00:01:44
6;1027;"(for) to Map/Collect  -> Lambda";2;3;00:01:22
14;1027;"(for) to Map/Collect  -> Lambda";2;2;00:00:35
20;1027;"(for) to Map/Collect  -> Lambda";2;4;00:00:45
26;1027;"(for) to Map/Collect  -> Lambda";2;4;00:01:50
30;1027;"(for) to Map/Collect  -> Lambda";2;2;00:01:47
34;1027;"(for) to Map/Collect  -> Lambda";2;5;00:00:37
38;1027;"(for) to Map/Collect  -> Lambda";2;4;00:08:34
6;1035;"(for) to Map -> Lambda";2;3;00:02:30
14;1035;"(for) to Map -> Lambda";2;5;00:02:25
20;1035;"(for) to Map -> Lambda";2;4;00:00:19
26;1035;"(for) to Map -> Lambda";2;5;00:03:02
30;1035;"(for) to Map -> Lambda";2;3;00:00:56
34;1035;"(for) to Map -> Lambda";2;5;00:00:30
38;1035;"(for) to Map -> Lambda";2;3;00:00:50
12;1035;"(for) to Map -> Lambda";2;4;00:00:44
16;1035;"(for) to Map -> Lambda";2;4;00:00:58
22;1035;"(for) to Map -> Lambda";2;4;00:00:09
28;1035;"(for) to Map -> Lambda";2;2;00:01:42
32;1035;"(for) to Map -> Lambda";2;4;00:01:09
36;1035;"(for) to Map -> Lambda";2;5;00:00:56
46;1035;"(for) to Map -> Lambda";2;2;00:00:29
12;1052;"(for) to Map/Collect  -> Lambda";2;4;00:00:29
16;1052;"(for) to Map/Collect  -> Lambda";2;4;00:00:35
22;1052;"(for) to Map/Collect  -> Lambda";2;4;00:00:07
28;1052;"(for) to Map/Collect  -> Lambda";2;2;00:00:14
32;1052;"(for) to Map/Collect  -> Lambda";2;3;00:00:39
36;1052;"(for) to Map/Collect  -> Lambda";2;5;00:01:58
46;1052;"(for) to Map/Collect  -> Lambda";2;2;00:00:25
6;1052;"(for) to Map/Collect  -> Lambda";2;3;00:03:10
14;1052;"(for) to Map/Collect  -> Lambda";2;4;00:00:20
20;1052;"(for) to Map/Collect  -> Lambda";2;4;00:00:12
26;1052;"(for) to Map/Collect  -> Lambda";2;4;00:01:32
30;1052;"(for) to Map/Collect  -> Lambda";2;4;00:01:07
34;1052;"(for) to Map/Collect  -> Lambda";2;5;00:00:18
38;1052;"(for) to Map/Collect  -> Lambda";2;4;00:00:34
13;1062;"(for) to Filter -> Lambda";2;5;00:01:12
17;1062;"(for) to Filter -> Lambda";2;3;00:04:57
19;1062;"(for) to Filter -> Lambda";2;5;00:01:02
25;1062;"(for) to Filter -> Lambda";2;3;00:02:45
33;1062;"(for) to Filter -> Lambda";2;4;00:00:25
47;1062;"(for) to Filter -> Lambda";2;4;00:03:14
7;1062;"(for) to Filter -> Lambda";2;4;00:00:19
15;1062;"(for) to Filter -> Lambda";2;3;00:00:47
27;1062;"(for) to Filter -> Lambda";2;4;00:00:30
31;1062;"(for) to Filter -> Lambda";2;3;00:01:25
39;1062;"(for) to Filter -> Lambda";2;4;00:00:18
41;1062;"(for) to Filter -> Lambda";2;2;00:00:48
43;1062;"(for) to Filter -> Lambda";2;4;00:00:15
45;1062;"(for) to Filter -> Lambda";2;3;00:02:41
7;1166;"(for) to ForEach -> Lambda";2;3;00:02:36
15;1166;"(for) to ForEach -> Lambda";2;3;00:01:23
27;1166;"(for) to ForEach -> Lambda";2;4;00:00:50
31;1166;"(for) to ForEach -> Lambda";2;3;00:00:45
39;1166;"(for) to ForEach -> Lambda";2;4;00:00:11
41;1166;"(for) to ForEach -> Lambda";2;2;00:00:17
43;1166;"(for) to ForEach -> Lambda";2;4;00:00:16
45;1166;"(for) to ForEach -> Lambda";2;3;00:00:22
13;1166;"(for) to ForEach -> Lambda";2;3;00:00:16
17;1166;"(for) to ForEach -> Lambda";2;2;00:02:06
19;1166;"(for) to ForEach -> Lambda";2;2;00:00:33
25;1166;"(for) to ForEach -> Lambda";2;2;00:01:11
33;1166;"(for) to ForEach -> Lambda";2;4;00:00:51
47;1166;"(for) to ForEach -> Lambda";2;4;00:01:11
13;1180;"Anonymous inner classes -> Lambda";2;5;00:00:21
17;1180;"Anonymous inner classes -> Lambda";2;2;00:03:40
19;1180;"Anonymous inner classes -> Lambda";2;1;00:00:23
25;1180;"Anonymous inner classes -> Lambda";2;4;00:02:45
33;1180;"Anonymous inner classes -> Lambda";2;4;00:00:47
47;1180;"Anonymous inner classes -> Lambda";2;4;00:01:00
7;1180;"Anonymous inner classes -> Lambda";2;4;00:00:30
15;1180;"Anonymous inner classes -> Lambda";2;3;00:00:18
27;1180;"Anonymous inner classes -> Lambda";2;3;00:00:15
31;1180;"Anonymous inner classes -> Lambda";2;4;00:00:48
39;1180;"Anonymous inner classes -> Lambda";2;4;00:00:20
41;1180;"Anonymous inner classes -> Lambda";2;2;00:01:08
43;1180;"Anonymous inner classes -> Lambda";2;5;00:00:44
45;1180;"Anonymous inner classes -> Lambda";2;4;00:01:17
7;1182;"(for) to ForEach -> Lambda";2;2;00:01:18
15;1182;"(for) to ForEach -> Lambda";2;3;00:00:25
27;1182;"(for) to ForEach -> Lambda";2;3;00:00:24
31;1182;"(for) to ForEach -> Lambda";2;2;00:00:41
39;1182;"(for) to ForEach -> Lambda";2;4;00:00:18
41;1182;"(for) to ForEach -> Lambda";2;3;00:02:21
43;1182;"(for) to ForEach -> Lambda";2;3;00:00:28
45;1182;"(for) to ForEach -> Lambda";2;2;00:01:37
13;1182;"(for) to ForEach -> Lambda";2;3;00:01:41
17;1182;"(for) to ForEach -> Lambda";2;1;00:03:25
19;1182;"(for) to ForEach -> Lambda";2;2;00:00:42
25;1182;"(for) to ForEach -> Lambda";2;2;00:08:53
33;1182;"(for) to ForEach -> Lambda";2;4;00:00:46
47;1182;"(for) to ForEach -> Lambda";2;4;00:03:22
13;1183;"(for) to Filter/ForEach -> Lambda";2;4;00:01:16
17;1183;"(for) to Filter/ForEach -> Lambda";2;2;00:05:49
19;1183;"(for) to Filter/ForEach -> Lambda";2;2;00:02:34
25;1183;"(for) to Filter/ForEach -> Lambda";2;2;00:10:18
33;1183;"(for) to Filter/ForEach -> Lambda";2;4;00:00:45
47;1183;"(for) to Filter/ForEach -> Lambda";2;4;00:04:08
7;1183;"(for) to Filter/ForEach -> Lambda";2;4;00:01:51
15;1183;"(for) to Filter/ForEach -> Lambda";2;3;00:00:24
27;1183;"(for) to Filter/ForEach -> Lambda";2;3;00:00:44
31;1183;"(for) to Filter/ForEach -> Lambda";2;1;00:01:02
39;1183;"(for) to Filter/ForEach -> Lambda";2;4;00:07:05
41;1183;"(for) to Filter/ForEach -> Lambda";2;3;00:00:50
43;1183;"(for) to Filter/ForEach -> Lambda";2;5;00:01:06
45;1183;"(for) to Filter/ForEach -> Lambda";2;2;00:03:14
7;1192;"(for) to Filter/ForEach -> Lambda";2;3;00:01:42
15;1192;"(for) to Filter/ForEach -> Lambda";2;3;00:00:55
27;1192;"(for) to Filter/ForEach -> Lambda";2;3;00:01:20
31;1192;"(for) to Filter/ForEach -> Lambda";2;4;00:05:26
39;1192;"(for) to Filter/ForEach -> Lambda";2;4;00:14:35
41;1192;"(for) to Filter/ForEach -> Lambda";2;2;00:01:31
43;1192;"(for) to Filter/ForEach -> Lambda";2;3;00:03:59
45;1192;"(for) to Filter/ForEach -> Lambda";2;1;00:03:24
13;1192;"(for) to Filter/ForEach -> Lambda";2;4;00:00:54
17;1192;"(for) to Filter/ForEach -> Lambda";2;2;00:15:41
19;1192;"(for) to Filter/ForEach -> Lambda";2;5;00:02:24
25;1192;"(for) to Filter/ForEach -> Lambda";2;2;01:08:11
33;1192;"(for) to Filter/ForEach -> Lambda";2;4;00:03:17
47;1192;"(for) to Filter/ForEach -> Lambda";2;4;00:05:18
