Java_Experience;Formation;Profession;FunctionalProgram;Participant;Transformation;Type;Q1
1;SI;DJ;1;33;1062;"(for) to Filter -> Lambda";4
4;SC;DJ;1-4;13;1062;"(for) to Filter -> Lambda";5
11;PGC;OT;5+;15;1062;"(for) to Filter -> Lambda";3
2;SC;OT;1-4;7;1062;"(for) to Filter -> Lambda";4
5;PGI;OT;4-5;45;1062;"(for) to Filter -> Lambda";3
5;MM;OT;NC;27;1062;"(for) to Filter -> Lambda";4
1;SI;DJ;NC;41;1062;"(for) to Filter -> Lambda";2
7;MM;DP;NC;19;1062;"(for) to Filter -> Lambda";5
11;PGC;AD;NC;47;1062;"(for) to Filter -> Lambda";4
10;DC;AD;NC;25;1062;"(for) to Filter -> Lambda";3
4;SI;DJ;1;43;1062;"(for) to Filter -> Lambda";4
4;MM;DS;1;31;1062;"(for) to Filter -> Lambda";3
11;MM;DS;5+;17;1062;"(for) to Filter -> Lambda";3
1;SC;DJ;1;39;1062;"(for) to Filter -> Lambda";4
1;SI;DJ;1;33;1192;"(for) to Filter/ForEach -> Lambda";4
1;SC;DJ;1;39;1192;"(for) to Filter/ForEach -> Lambda";4
10;DC;AD;NC;25;1183;"(for) to Filter/ForEach -> Lambda";2
11;PGC;OT;5+;15;1192;"(for) to Filter/ForEach -> Lambda";3
4;SC;DJ;1-4;13;1183;"(for) to Filter/ForEach -> Lambda";4
2;SC;OT;1-4;7;1192;"(for) to Filter/ForEach -> Lambda";3
4;MM;DS;1;31;1183;"(for) to Filter/ForEach -> Lambda";1
5;PGI;OT;4-5;45;1192;"(for) to Filter/ForEach -> Lambda";1
5;PGI;OT;4-5;45;1183;"(for) to Filter/ForEach -> Lambda";2
1;SI;DJ;NC;41;1183;"(for) to Filter/ForEach -> Lambda";3
11;MM;DS;5+;17;1183;"(for) to Filter/ForEach -> Lambda";2
4;SI;DJ;1;43;1183;"(for) to Filter/ForEach -> Lambda";5
1;SI;DJ;NC;41;1192;"(for) to Filter/ForEach -> Lambda";2
7;MM;DP;NC;19;1192;"(for) to Filter/ForEach -> Lambda";5
11;PGC;AD;NC;47;1192;"(for) to Filter/ForEach -> Lambda";4
1;SI;DJ;1;33;1183;"(for) to Filter/ForEach -> Lambda";4
5;MM;OT;NC;27;1192;"(for) to Filter/ForEach -> Lambda";3
1;SC;DJ;1;39;1183;"(for) to Filter/ForEach -> Lambda";4
11;PGC;OT;5+;15;1183;"(for) to Filter/ForEach -> Lambda";3
4;SC;DJ;1-4;13;1192;"(for) to Filter/ForEach -> Lambda";4
2;SC;OT;1-4;7;1183;"(for) to Filter/ForEach -> Lambda";4
10;DC;AD;NC;25;1192;"(for) to Filter/ForEach -> Lambda";2
4;MM;DS;1;31;1192;"(for) to Filter/ForEach -> Lambda";4
11;PGC;AD;NC;47;1183;"(for) to Filter/ForEach -> Lambda";4
5;MM;OT;NC;27;1183;"(for) to Filter/ForEach -> Lambda";3
11;MM;DS;5+;17;1192;"(for) to Filter/ForEach -> Lambda";2
4;SI;DJ;1;43;1192;"(for) to Filter/ForEach -> Lambda";3
7;MM;DP;NC;19;1183;"(for) to Filter/ForEach -> Lambda";2
7;MM;DP;NC;19;1166;"(for) to ForEach -> Lambda";2
11;PGC;AD;NC;47;1182;"(for) to ForEach -> Lambda";4
5;MM;OT;NC;27;1166;"(for) to ForEach -> Lambda";4
10;DC;AD;NC;25;1166;"(for) to ForEach -> Lambda";2
5;MM;OT;NC;27;1182;"(for) to ForEach -> Lambda";3
4;SC;DJ;1-4;13;1166;"(for) to ForEach -> Lambda";3
7;MM;DP;NC;19;1182;"(for) to ForEach -> Lambda";2
4;MM;DS;1;31;1166;"(for) to ForEach -> Lambda";3
5;PGI;OT;4-5;45;1166;"(for) to ForEach -> Lambda";3
11;PGC;AD;NC;47;1166;"(for) to ForEach -> Lambda";4
1;SI;DJ;NC;41;1166;"(for) to ForEach -> Lambda";2
4;SI;DJ;1;43;1166;"(for) to ForEach -> Lambda";4
10;DC;AD;NC;25;1182;"(for) to ForEach -> Lambda";2
4;SC;DJ;1-4;13;1182;"(for) to ForEach -> Lambda";3
11;MM;DS;5+;17;1166;"(for) to ForEach -> Lambda";2
4;MM;DS;1;31;1182;"(for) to ForEach -> Lambda";2
5;PGI;OT;4-5;45;1182;"(for) to ForEach -> Lambda";2
1;SC;DJ;1;39;1166;"(for) to ForEach -> Lambda";4
1;SI;DJ;NC;41;1182;"(for) to ForEach -> Lambda";3
1;SI;DJ;1;33;1166;"(for) to ForEach -> Lambda";4
11;MM;DS;5+;17;1182;"(for) to ForEach -> Lambda";1
4;SI;DJ;1;43;1182;"(for) to ForEach -> Lambda";3
1;SI;DJ;1;33;1182;"(for) to ForEach -> Lambda";4
11;PGC;OT;5+;15;1166;"(for) to ForEach -> Lambda";3
1;SC;DJ;1;39;1182;"(for) to ForEach -> Lambda";4
2;SC;OT;1-4;7;1166;"(for) to ForEach -> Lambda";3
11;PGC;OT;5+;15;1182;"(for) to ForEach -> Lambda";3
2;SC;OT;1-4;7;1182;"(for) to ForEach -> Lambda";2
1;PGC;OT;NC;46;1035;"(for) to Map -> Lambda";2
7;MM;AD;NC;28;1035;"(for) to Map -> Lambda";2
5;SC;AD;1-4;20;1035;"(for) to Map -> Lambda";4
11;PGC;AD;1;26;1035;"(for) to Map -> Lambda";5
5;DC;OT;4-5;30;1035;"(for) to Map -> Lambda";3
2;SC;DP;1-4;32;1035;"(for) to Map -> Lambda";4
11;PGI;DS;5+;36;1035;"(for) to Map -> Lambda";5
11;MM;DS;5+;12;1035;"(for) to Map -> Lambda";4
7;PGC;AD;NC;34;1035;"(for) to Map -> Lambda";5
5;SC;DP;5+;22;1035;"(for) to Map -> Lambda";4
4;PGI;DJ;1-4;6;1035;"(for) to Map -> Lambda";3
10;MM;DS;1-4;14;1035;"(for) to Map -> Lambda";5
11;MM;AD;1-4;16;1035;"(for) to Map -> Lambda";4
1;SI;OT;NC;38;1035;"(for) to Map -> Lambda";3
2;SC;DP;1-4;32;1052;"(for) to Map/Collect  -> Lambda";3
11;PGI;DS;5+;36;1052;"(for) to Map/Collect  -> Lambda";5
5;SC;AD;1-4;20;1027;"(for) to Map/Collect  -> Lambda";4
11;PGC;AD;1;26;1027;"(for) to Map/Collect  -> Lambda";4
11;MM;DS;5+;12;1052;"(for) to Map/Collect  -> Lambda";4
5;SC;DP;5+;22;1052;"(for) to Map/Collect  -> Lambda";4
5;DC;OT;4-5;30;1027;"(for) to Map/Collect  -> Lambda";2
4;PGI;DJ;1-4;6;1052;"(for) to Map/Collect  -> Lambda";3
10;MM;DS;1-4;14;1052;"(for) to Map/Collect  -> Lambda";4
2;SC;DP;1-4;32;1027;"(for) to Map/Collect  -> Lambda";3
11;PGI;DS;5+;36;1027;"(for) to Map/Collect  -> Lambda";5
11;MM;DS;5+;12;1027;"(for) to Map/Collect  -> Lambda";4
7;PGC;AD;NC;34;1027;"(for) to Map/Collect  -> Lambda";5
5;SC;DP;5+;22;1027;"(for) to Map/Collect  -> Lambda";4
1;PGC;OT;NC;46;1052;"(for) to Map/Collect  -> Lambda";2
11;MM;AD;1-4;16;1052;"(for) to Map/Collect  -> Lambda";4
4;PGI;DJ;1-4;6;1027;"(for) to Map/Collect  -> Lambda";3
10;MM;DS;1-4;14;1027;"(for) to Map/Collect  -> Lambda";2
11;MM;AD;1-4;16;1027;"(for) to Map/Collect  -> Lambda";4
1;SI;OT;NC;38;1027;"(for) to Map/Collect  -> Lambda";4
1;PGC;OT;NC;46;1027;"(for) to Map/Collect  -> Lambda";2
1;SI;OT;NC;38;1052;"(for) to Map/Collect  -> Lambda";4
7;MM;AD;NC;28;1052;"(for) to Map/Collect  -> Lambda";2
5;SC;AD;1-4;20;1052;"(for) to Map/Collect  -> Lambda";4
11;PGC;AD;1;26;1052;"(for) to Map/Collect  -> Lambda";4
7;MM;AD;NC;28;1027;"(for) to Map/Collect  -> Lambda";2
5;DC;OT;4-5;30;1052;"(for) to Map/Collect  -> Lambda";4
7;PGC;AD;NC;34;1052;"(for) to Map/Collect  -> Lambda";5
1;SI;DJ;NC;41;1180;"Anonymous inner classes -> Lambda";2
4;SI;DJ;1;43;1180;"Anonymous inner classes -> Lambda";5
1;SI;DJ;1;33;1180;"Anonymous inner classes -> Lambda";4
11;MM;DS;5+;17;1180;"Anonymous inner classes -> Lambda";2
1;SC;DJ;1;39;1180;"Anonymous inner classes -> Lambda";4
11;PGC;OT;5+;15;1180;"Anonymous inner classes -> Lambda";3
2;SC;OT;1-4;7;1180;"Anonymous inner classes -> Lambda";4
11;PGC;AD;NC;47;1180;"Anonymous inner classes -> Lambda";4
5;MM;OT;NC;27;1180;"Anonymous inner classes -> Lambda";3
7;MM;DP;NC;19;1180;"Anonymous inner classes -> Lambda";1
10;DC;AD;NC;25;1180;"Anonymous inner classes -> Lambda";4
4;SC;DJ;1-4;13;1180;"Anonymous inner classes -> Lambda";5
4;MM;DS;1;31;1180;"Anonymous inner classes -> Lambda";4
5;PGI;OT;4-5;45;1180;"Anonymous inner classes -> Lambda";4
