project;commit;Transformation
jersey;https://github.com/jersey/jersey/commit/e5eb133193fa091b841f41ee5d1eab5611e45ec9#diff-ccaccee397a7ef2b2eeb0bc77955b0c6L731;1027
RxJava-Android;https://github.com/kaushikgopal/RxJava-Android-Samples/commit/a1cd646cf546e9ea773882c9af2f16886641cc30#diff-b70350cbaa584e955f89a1c444a466c1L80;1035
Agrona;https://github.com/real-logic/Agrona/commit/394dee1cb09b2c06b4ff887bfe7fcb813862fb3c#diff-37b7ff89b52726a431d8fc73423ffd79L166;1052
SpongeAPI;https://github.com/SpongePowered/SpongeAPI/commit/a7df949cd20b17fd10cd1543173a7d6b86ef08c3#diff-16b47531aa190de6100123b8f68582a2L511;1062
CoreNLP;https://github.com/stanfordnlp/CoreNLP/pull/545/commits/f950190a60d01c522578ddea728a5180e09b0f40#diff-e112047b36af77d670c0d4f1df5f040fL168;1166
CoreNLP;https://github.com/stanfordnlp/CoreNLP/pull/544/commits/b4e6c2e2d89b3939d25cf21948b6d9d7d0be1b2c#diff-5e64cc93947463b84a2731a5e1e459d1L21;1180
elasticsearch;https://github.com/elastic/elasticsearch/pull/27015/commits/393741e05ccde6ad778e767653a35cbf87dd7679#diff-05934ddddf4778538f0e13e907708437L179;1182
elasticsearch;https://github.com/elastic/elasticsearch/pull/27015/commits/393741e05ccde6ad778e767653a35cbf87dd7679#diff-2fa0d5d518af9d995eb3afb8e725e43cL161;1183
seleniumQuery;https://github.com/seleniumQuery/seleniumQuery/pull/178/commits/0b01ab2eec4a0ed816a9e57c34c2dcd5dd1530be#diff-44de24affeaa90427a2cd6085b8981c0L38;1192
;;
graylog2-server;https://github.com/Graylog2/graylog2-server/commit/50f59c0f17786f1ac180037728e4c8486ef873ae#diff-d663fea3b2dce1447b9948bc83ad3683L46;1022
jersey;https://github.com/jersey/jersey/commit/bcbacae45d02f6d65671b3ee91b9d32e899bb2c9#diff-64e48651bda9668a3a875987cf4e0d3eL102;1026
optaplanner;https://github.com/kiegroup/optaplanner/commit/e12ab0cc52d233ce908210a415ff0a0112a9a7bb#diff-6dbcd7b0eb0e8bfaec46ef6585f8dc6aL235;1042
SpongeAPI;https://github.com/SpongePowered/SpongeAPI/commit/a7df949cd20b17fd10cd1543173a7d6b86ef08c3#diff-16b47531aa190de6100123b8f68582a2L938;1060
SpongeAPI;https://github.com/SpongePowered/SpongeAPI/commit/a7df949cd20b17fd10cd1543173a7d6b86ef08c3#diff-16b47531aa190de6100123b8f68582a2L458;1061
vertx-examples;https://github.com/vert-x3/vertx-examples/commit/4da3461c80594f15598f66e96c39ba21772abf3f#diff-519e3a1391145ba93c3a91bcd4474d33L20;1070
CoreNLP;https://github.com/stanfordnlp/CoreNLP/pull/544/commits/b4e6c2e2d89b3939d25cf21948b6d9d7d0be1b2c#diff-7a87d4cbe4ae26134c556cd3b13420ffL6;1178
CoreNLP;https://github.com/stanfordnlp/CoreNLP/pull/544/commits/b4e6c2e2d89b3939d25cf21948b6d9d7d0be1b2c#diff-5e64cc93947463b84a2731a5e1e459d1L21;1180
elasticsearch;https://github.com/elastic/elasticsearch/pull/27015/commits/393741e05ccde6ad778e767653a35cbf87dd7679#diff-2fa0d5d518af9d995eb3afb8e725e43cL161;1183
seleniumQuery;https://github.com/seleniumQuery/seleniumQuery/pull/178/commits/0b01ab2eec4a0ed816a9e57c34c2dcd5dd1530be#diff-72c518537836c9460436f9f51c832435L47;1185
seleniumQuery;https://github.com/seleniumQuery/seleniumQuery/pull/178/commits/0b01ab2eec4a0ed816a9e57c34c2dcd5dd1530be#diff-91dd0adb722e28d50d009221a4caa85cL59;1188
seleniumQuery;https://github.com/seleniumQuery/seleniumQuery/pull/178/commits/0b01ab2eec4a0ed816a9e57c34c2dcd5dd1530be#diff-44de24affeaa90427a2cd6085b8981c0L38;1192
